transaction_id,customer_id,time_id,transaction_amount,channel,payment_type
1,85,73,95.96,In-store,Cash
2,95,131,38.39,In-store,Credit Card
3,166,35,21.98,Online,PayPal
4,101,175,31.97,In-store,Credit Card
5,54,167,49.97,Online,Cash
6,36,150,78.53,Online,Credit Card
7,17,163,28.85,Online,Debit Card
8,14,128,32.98,In-store,Cash
9,144,17,50.49,In-store,Debit Card
10,148,109,32.98,In-store,Credit Card
11,48,112,90.52,Online,Credit Card
12,128,5,26.81,Online,Debit Card
13,184,25,107.93,Online,Debit Card
14,193,64,26.48,Online,Cash
15,85,142,61.02,In-store,Cash
16,149,172,41.6,Online,Cash
17,17,169,86.38,Online,Debit Card
18,64,58,30.98,In-store,PayPal
19,25,62,19.49,In-store,PayPal
20,30,62,103.87,Online,PayPal
21,21,172,69.99,In-store,PayPal
22,120,159,21.98,In-store,Credit Card
23,19,15,112.8,Online,Credit Card
24,141,170,19.49,Online,Debit Card
25,179,146,60.64,In-store,Credit Card
26,115,5,60.48,In-store,Cash
27,171,171,12.98,Online,Cash
28,172,36,69.84,In-store,Cash
29,162,165,66.37,In-store,PayPal
30,19,24,36.16,In-store,Debit Card
31,180,100,73.67,Online,Credit Card
32,113,175,43.96,In-store,Debit Card
33,172,119,118.96,Online,Debit Card
34,22,26,81.71,In-store,Cash
35,76,21,59.96,In-store,PayPal
36,109,162,67.89,Online,Cash
37,19,54,110.7,In-store,Debit Card
38,81,48,61.01,Online,Cash
39,187,115,46.64,Online,Cash
40,112,44,59.23,Online,Cash
41,58,1,87.59,Online,Debit Card
42,196,118,72.96,Online,Debit Card
43,142,141,56.19,Online,Credit Card
44,24,63,115.08,In-store,Debit Card
45,178,108,153.41,In-store,PayPal
46,191,130,12.98,Online,Debit Card
47,75,46,78.14,Online,PayPal
48,157,128,66.79,Online,Credit Card
49,197,58,58.49,Online,Debit Card
50,96,172,98.04,In-store,Cash
51,57,53,96.18,In-store,PayPal
52,27,168,73.48,Online,Debit Card
53,67,106,45.97,Online,Credit Card
54,80,144,46.33,In-store,Cash
55,167,148,72.22,In-store,Cash
56,40,47,44.49,Online,PayPal
57,53,14,86.97,Online,Debit Card
58,80,170,25.48,Online,PayPal
59,138,44,25.96,In-store,PayPal
60,73,100,30.98,Online,PayPal
61,187,22,29.37,Online,Credit Card
62,137,131,50.49,Online,Debit Card
63,73,68,159.69,Online,Cash
64,106,63,50.97,In-store,Credit Card
65,87,73,92.96,In-store,Debit Card
66,162,94,65.84,In-store,Credit Card
67,30,164,47.33,In-store,PayPal
68,49,132,99.2,Online,PayPal
69,176,127,105.59,In-store,Cash
70,126,15,47.33,In-store,Debit Card
71,137,75,52.45,Online,PayPal
72,74,31,21.98,In-store,Debit Card
73,173,161,61.02,Online,PayPal
74,20,112,34.97,In-store,Debit Card
75,132,62,32.98,Online,Debit Card
76,12,166,47.21,Online,Debit Card
77,87,10,100.16,In-store,PayPal
78,48,83,33.97,Online,Credit Card
79,70,157,90.43,In-store,Cash
80,117,14,30.98,Online,Credit Card
81,100,49,73.45,Online,Cash
82,120,139,47.23,In-store,Debit Card
83,29,154,116.92,Online,Cash
84,84,91,74.01,In-store,Credit Card
85,120,133,64.08,In-store,Credit Card
86,142,88,168.02,In-store,Cash
87,134,73,35.36,In-store,Debit Card
88,148,121,21.98,Online,PayPal
89,81,61,61.96,Online,PayPal
90,148,180,57.86,Online,Cash
91,194,48,50.49,Online,Credit Card
92,116,12,81.75,In-store,Debit Card
93,72,163,25.2,Online,Debit Card
94,146,19,19.49,Online,Cash
95,127,80,28.77,In-store,Debit Card
96,195,97,42.97,Online,Debit Card
97,159,119,101.48,Online,Cash
98,167,167,89.1,In-store,Credit Card
99,3,176,12.98,In-store,PayPal
100,186,96,50.97,In-store,PayPal
101,133,18,35.47,Online,Debit Card
102,172,65,72.72,In-store,Debit Card
103,199,36,25.48,In-store,Debit Card
104,106,116,67.48,In-store,Debit Card
105,14,96,51.37,In-store,Credit Card
106,39,165,52.97,Online,Debit Card
107,184,117,71.25,Online,Credit Card
108,155,133,62.0,In-store,Debit Card
109,157,51,60.83,In-store,PayPal
110,62,179,21.98,In-store,PayPal
111,87,157,77.01,In-store,Cash
112,69,9,123.2,Online,PayPal
113,94,62,78.14,Online,Credit Card
114,105,6,28.74,In-store,Credit Card
115,122,167,32.71,In-store,PayPal
116,182,158,54.77,In-store,PayPal
117,184,157,53.42,In-store,Cash
118,193,51,77.99,Online,PayPal
119,25,158,98.44,In-store,Credit Card
120,68,158,22.5,In-store,PayPal
121,2,122,68.83,In-store,Debit Card
122,105,15,61.38,In-store,Debit Card
123,168,35,60.89,Online,PayPal
124,200,5,72.57,Online,Cash
125,154,56,48.71,In-store,Cash
126,105,59,32.98,Online,PayPal
127,129,69,61.99,In-store,Credit Card
128,35,124,54.48,Online,Cash
129,21,126,76.36,In-store,Credit Card
130,19,49,82.84,Online,Cash
131,195,118,121.61,In-store,Cash
132,123,20,97.93,In-store,Cash
133,77,2,109.57,Online,PayPal
134,97,19,82.95,Online,PayPal
135,63,52,59.17,Online,Debit Card
136,188,119,93.83,Online,Credit Card
137,95,113,13.5,Online,Debit Card
138,185,9,62.0,In-store,Credit Card
139,50,81,62.77,Online,Credit Card
140,56,172,50.49,In-store,Cash
141,51,22,32.98,Online,PayPal
142,20,36,41.6,In-store,Cash
143,39,112,59.18,In-store,Debit Card
144,198,127,19.49,In-store,PayPal
145,86,15,44.69,In-store,PayPal
146,102,131,19.5,Online,Cash
147,12,36,12.98,In-store,PayPal
148,152,59,50.49,In-store,PayPal
149,58,115,119.63,Online,PayPal
150,158,31,12.98,Online,Credit Card
151,149,47,71.74,In-store,Credit Card
152,187,179,109.77,In-store,Debit Card
153,171,66,72.11,In-store,Debit Card
154,83,1,69.27,Online,Cash
155,12,148,58.11,In-store,PayPal
156,43,166,32.98,In-store,Credit Card
157,149,166,63.78,In-store,Cash
158,89,8,30.98,In-store,Debit Card
159,144,178,88.73,Online,Cash
160,175,37,79.53,Online,Credit Card
161,83,136,12.99,In-store,PayPal
162,156,4,77.97,In-store,Debit Card
163,103,69,50.49,Online,PayPal
164,184,138,150.4,Online,PayPal
165,4,110,92.0,Online,Debit Card
166,182,154,79.73,Online,PayPal
167,184,12,121.59,Online,Debit Card
168,175,100,125.66,Online,PayPal
169,84,164,57.06,In-store,Debit Card
170,196,6,73.87,Online,PayPal
171,135,86,55.83,Online,Debit Card
172,126,41,52.97,Online,Debit Card
173,34,150,32.98,Online,PayPal
174,13,9,89.22,Online,PayPal
175,8,39,32.98,Online,Cash
176,108,124,75.0,In-store,Cash
177,28,12,46.97,In-store,Debit Card
178,60,63,51.84,Online,Cash
179,152,76,30.98,In-store,Cash
180,26,55,78.47,Online,PayPal
181,115,53,51.14,Online,Debit Card
182,140,102,12.98,In-store,Credit Card
183,116,16,49.8,In-store,Credit Card
184,62,130,21.98,Online,Cash
185,54,35,87.58,In-store,Debit Card
186,5,45,45.97,Online,Credit Card
187,20,14,51.84,Online,Cash
188,56,158,79.73,Online,Credit Card
189,8,20,19.49,In-store,Debit Card
190,41,47,19.49,Online,Debit Card
191,114,104,121.4,Online,Credit Card
192,133,129,61.19,In-store,Debit Card
193,102,88,98.46,In-store,PayPal
194,84,168,41.4,Online,Credit Card
195,146,13,103.15,Online,Debit Card
196,133,20,51.46,In-store,Debit Card
197,121,58,73.67,Online,Cash
198,123,127,46.81,Online,Debit Card
199,194,173,72.71,In-store,Cash
200,48,39,41.96,In-store,Cash
201,99,126,32.99,In-store,PayPal
202,104,43,37.96,Online,Credit Card
203,82,52,71.41,In-store,PayPal
204,69,103,85.4,Online,Debit Card
205,147,115,16.97,Online,Debit Card
206,78,138,62.39,Online,PayPal
207,116,31,65.98,Online,Credit Card
208,161,94,29.48,In-store,Credit Card
209,105,36,21.98,In-store,Credit Card
210,33,115,76.96,In-store,Cash
211,80,127,45.95,Online,Debit Card
212,171,162,51.76,Online,PayPal
213,103,58,60.51,Online,Cash
214,51,114,64.22,Online,Debit Card
215,156,26,98.44,Online,Credit Card
216,198,67,49.97,Online,PayPal
217,172,56,68.26,In-store,Credit Card
218,170,42,38.86,In-store,Debit Card
219,156,54,61.69,In-store,Credit Card
220,175,177,49.98,In-store,Credit Card
221,18,31,50.49,Online,Debit Card
222,173,98,54.32,Online,Credit Card
223,127,31,45.97,In-store,Credit Card
224,122,114,50.98,In-store,Debit Card
225,182,24,102.83,In-store,PayPal
226,185,61,19.49,Online,Cash
227,180,85,69.23,Online,Credit Card
228,140,178,30.98,In-store,Debit Card
229,137,100,30.98,Online,Credit Card
230,30,97,49.97,In-store,PayPal
231,86,120,129.97,In-store,Cash
232,97,119,87.98,Online,Cash
233,45,172,34.02,Online,PayPal
234,179,69,12.98,Online,Debit Card
235,31,163,30.98,In-store,PayPal
236,49,64,12.98,In-store,Debit Card
237,107,145,31.97,Online,Debit Card
238,46,10,81.5,In-store,Cash
239,172,23,44.84,In-store,Cash
240,16,94,26.47,In-store,PayPal
241,39,33,92.96,In-store,PayPal
242,73,118,12.98,Online,Credit Card
243,51,69,46.98,In-store,Debit Card
244,140,1,32.99,In-store,Debit Card
245,14,86,67.52,In-store,PayPal
246,128,26,19.49,Online,Debit Card
247,17,93,79.21,In-store,PayPal
248,23,55,79.48,Online,Credit Card
249,129,27,32.98,In-store,Credit Card
250,170,125,56.48,In-store,PayPal
251,16,179,92.98,In-store,Debit Card
252,195,76,46.23,Online,Cash
253,80,19,21.98,Online,Cash
254,91,40,24.08,In-store,PayPal
255,45,139,30.98,In-store,PayPal
256,27,165,30.98,Online,PayPal
257,12,73,12.98,In-store,Credit Card
258,40,135,30.98,Online,Cash
259,191,160,60.48,Online,Cash
260,46,153,46.98,Online,Cash
261,119,26,30.98,In-store,PayPal
262,154,118,72.37,In-store,Credit Card
263,139,11,12.98,In-store,Credit Card
264,5,151,51.37,Online,PayPal
265,147,159,50.49,Online,PayPal
266,180,128,78.4,In-store,Debit Card
267,151,114,80.4,In-store,PayPal
268,16,49,49.56,Online,Credit Card
269,87,81,91.23,In-store,Debit Card
270,98,151,62.97,In-store,Cash
271,189,19,80.48,Online,Debit Card
272,186,79,81.47,Online,Cash
273,13,93,38.33,In-store,Cash
274,4,178,50.49,Online,Credit Card
275,127,110,61.96,In-store,Credit Card
276,54,106,30.98,Online,PayPal
277,171,20,100.89,In-store,Debit Card
278,87,117,61.08,Online,PayPal
279,172,174,64.52,Online,Cash
280,55,47,12.98,In-store,Credit Card
281,147,69,52.97,In-store,Credit Card
282,182,127,78.7,Online,Cash
283,88,162,36.97,In-store,PayPal
284,174,17,46.97,In-store,PayPal
285,188,151,52.97,Online,Debit Card
286,75,27,85.0,Online,Cash
287,111,147,83.26,Online,Cash
288,186,136,42.4,In-store,Debit Card
289,114,170,56.45,Online,Debit Card
290,98,91,30.98,In-store,PayPal
291,68,26,12.98,In-store,Cash
292,32,165,50.98,Online,PayPal
293,72,92,50.49,Online,Debit Card
294,81,44,12.98,In-store,Debit Card
295,193,41,59.96,In-store,PayPal
296,30,66,19.49,In-store,Debit Card
297,171,16,88.01,In-store,PayPal
298,170,180,134.52,In-store,Credit Card
299,98,126,54.38,In-store,Credit Card
300,76,48,35.21,Online,Debit Card
301,153,67,89.06,Online,PayPal
302,159,138,89.17,In-store,PayPal
303,24,12,103.91,Online,Cash
304,192,114,88.98,Online,Cash
305,64,128,45.97,In-store,Cash
306,159,78,50.49,In-store,Credit Card
307,142,82,33.97,Online,Debit Card
308,26,135,82.51,In-store,Cash
309,178,20,88.28,In-store,Debit Card
310,78,113,21.98,Online,PayPal
311,176,12,21.98,In-store,Cash
312,98,7,24.97,Online,Debit Card
313,153,100,100.9,In-store,Cash
314,121,139,11.99,Online,PayPal
315,144,137,32.98,In-store,Cash
316,163,99,19.49,In-store,Credit Card
317,179,180,104.57,In-store,Cash
318,12,60,92.22,In-store,PayPal
319,140,107,94.33,Online,PayPal
320,17,51,51.97,Online,PayPal
321,61,28,31.97,In-store,Debit Card
322,21,39,32.99,Online,Credit Card
323,154,107,103.03,Online,Credit Card
324,40,23,28.42,Online,Cash
325,185,74,39.78,In-store,Credit Card
326,40,46,101.03,Online,Credit Card
327,196,26,100.37,Online,PayPal
328,6,162,156.28,In-store,Debit Card
329,55,29,50.49,Online,Cash
330,95,157,21.98,Online,Debit Card
331,50,38,21.98,Online,Cash
332,98,63,21.98,In-store,Debit Card
333,40,52,42.97,In-store,Credit Card
334,197,7,46.98,Online,Cash
335,178,108,107.72,Online,Cash
336,122,69,12.98,In-store,PayPal
337,182,67,50.18,Online,PayPal
338,96,79,134.76,In-store,PayPal
339,84,21,119.33,In-store,Credit Card
340,179,55,40.96,Online,Credit Card
341,19,79,21.98,Online,PayPal
342,163,67,30.98,Online,Cash
343,52,48,84.02,In-store,Cash
344,101,116,92.59,In-store,PayPal
345,94,74,73.97,Online,Debit Card
346,56,124,56.49,In-store,Debit Card
347,110,171,37.47,In-store,PayPal
348,100,79,48.61,In-store,Cash
349,54,34,25.24,Online,PayPal
350,81,121,88.91,Online,Credit Card
351,21,55,61.87,Online,Credit Card
352,180,4,19.49,Online,Cash
353,164,33,30.98,Online,Credit Card
354,1,141,96.13,Online,PayPal
355,79,85,49.89,Online,PayPal
356,173,123,58.98,Online,PayPal
357,144,80,70.22,Online,PayPal
358,26,142,31.97,Online,Debit Card
359,33,154,41.4,In-store,Credit Card
360,46,145,68.29,In-store,Cash
361,187,73,107.27,In-store,Credit Card
362,136,148,61.96,Online,Debit Card
363,131,110,27.65,In-store,Cash
364,60,16,97.47,In-store,Cash
365,120,72,112.52,In-store,Debit Card
366,56,75,30.98,In-store,PayPal
367,15,46,125.4,Online,Credit Card
368,192,33,40.76,In-store,Debit Card
369,182,83,32.98,Online,Debit Card
370,116,46,116.72,In-store,PayPal
371,38,142,96.53,In-store,Cash
372,54,130,167.46,In-store,Debit Card
373,134,93,78.05,Online,Credit Card
374,58,115,77.65,Online,PayPal
375,93,87,49.48,Online,Cash
376,68,61,66.48,In-store,Debit Card
377,165,153,50.49,In-store,Credit Card
378,89,88,56.22,Online,Debit Card
379,92,13,46.98,In-store,Credit Card
380,72,25,61.99,Online,Credit Card
381,79,31,58.98,In-store,PayPal
382,113,173,92.96,Online,Credit Card
383,87,125,50.97,In-store,Debit Card
384,67,108,50.47,Online,Debit Card
385,173,32,38.97,In-store,Debit Card
386,148,56,44.81,Online,PayPal
387,142,96,68.84,In-store,Debit Card
388,170,174,59.78,Online,Debit Card
389,13,101,50.4,In-store,Cash
390,31,127,52.97,Online,Credit Card
391,152,116,104.32,In-store,PayPal
392,158,10,27.96,Online,PayPal
393,101,116,74.72,In-store,PayPal
394,69,38,14.99,Online,Cash
395,139,76,96.47,In-store,Credit Card
396,12,93,88.53,In-store,Cash
397,23,160,25.02,In-store,Debit Card
398,178,28,114.32,Online,Credit Card
399,181,74,46.81,Online,Debit Card
400,32,72,28.74,Online,Debit Card
401,73,30,52.48,Online,Cash
402,74,168,59.08,In-store,Debit Card
403,37,96,91.34,Online,Debit Card
404,119,36,82.45,In-store,Cash
405,7,100,65.47,In-store,PayPal
406,54,157,46.98,Online,PayPal
407,40,81,32.98,Online,PayPal
408,170,162,43.97,In-store,PayPal
409,101,44,13.5,In-store,PayPal
410,143,155,19.49,In-store,Credit Card
411,56,121,30.98,In-store,PayPal
412,171,173,8.73,Online,Cash
413,185,49,63.99,Online,Debit Card
414,161,28,72.99,In-store,Debit Card
415,182,86,41.72,In-store,Cash
416,38,97,50.49,In-store,Debit Card
417,126,124,81.29,In-store,Credit Card
418,152,12,44.81,In-store,PayPal
419,154,123,92.04,Online,Cash
420,2,156,42.35,In-store,Debit Card
421,175,117,81.5,In-store,Cash
422,113,111,120.35,Online,Debit Card
423,155,149,95.77,Online,Cash
424,80,143,80.53,In-store,Debit Card
425,146,59,83.32,Online,PayPal
426,20,137,116.54,Online,Debit Card
427,23,169,110.21,Online,Cash
428,146,122,12.98,In-store,Debit Card
429,46,113,12.98,In-store,PayPal
430,195,106,76.22,Online,PayPal
431,164,11,50.01,Online,PayPal
432,127,24,44.97,In-store,Credit Card
433,21,3,87.79,Online,Credit Card
434,164,87,32.98,Online,PayPal
435,194,49,71.91,In-store,PayPal
436,40,25,56.26,In-store,Credit Card
437,40,47,84.58,In-store,PayPal
438,11,163,61.01,In-store,PayPal
439,133,101,51.36,Online,Debit Card
440,44,119,12.98,In-store,Cash
441,177,74,99.33,In-store,PayPal
442,25,153,150.89,In-store,Credit Card
443,139,1,29.99,Online,Credit Card
444,34,10,28.85,In-store,Cash
445,105,85,102.21,In-store,PayPal
446,180,13,60.27,In-store,PayPal
447,196,162,52.97,Online,Debit Card
448,173,93,103.45,In-store,Cash
449,2,44,58.98,Online,PayPal
450,115,71,44.2,In-store,Credit Card
451,174,105,57.41,In-store,Debit Card
452,181,111,46.98,Online,Cash
453,56,178,44.47,In-store,Cash
454,1,172,50.49,Online,Credit Card
455,148,56,69.99,In-store,Credit Card
456,147,90,21.98,In-store,Cash
457,49,96,50.49,In-store,Cash
458,167,37,53.46,Online,Debit Card
459,61,7,69.73,Online,Debit Card
460,19,19,68.96,Online,PayPal
461,174,82,113.45,In-store,Credit Card
462,45,51,50.49,In-store,Cash
463,178,29,69.93,Online,Credit Card
464,133,15,25.48,Online,Cash
465,57,128,38.22,In-store,Credit Card
466,77,118,32.98,In-store,Cash
467,4,15,32.98,In-store,Debit Card
468,42,156,30.98,In-store,Cash
469,149,33,53.47,In-store,Cash
470,88,84,19.49,Online,Debit Card
471,189,138,34.4,Online,PayPal
472,75,18,83.07,Online,Credit Card
473,159,120,37.85,In-store,Debit Card
474,51,173,36.16,In-store,Debit Card
475,21,89,152.99,Online,PayPal
476,144,47,95.34,In-store,Cash
477,63,43,35.55,In-store,Credit Card
478,161,79,43.78,Online,Cash
479,45,100,105.6,In-store,Debit Card
480,180,92,75.49,In-store,Credit Card
481,52,131,19.49,Online,Credit Card
482,50,64,30.98,In-store,Cash
483,38,93,96.27,In-store,Cash
484,19,41,82.98,In-store,PayPal
485,191,30,105.97,In-store,PayPal
486,177,163,149.03,In-store,Debit Card
487,183,34,30.98,In-store,Debit Card
488,139,83,78.53,Online,Cash
489,18,54,102.9,In-store,Debit Card
490,173,154,12.98,Online,Debit Card
491,36,145,71.82,In-store,Cash
492,37,170,113.3,In-store,Credit Card
493,154,97,21.98,In-store,PayPal
494,21,5,106.61,In-store,Cash
495,192,112,39.47,In-store,Credit Card
496,2,88,100.86,In-store,Cash
497,4,68,88.84,Online,Cash
498,76,78,28.42,In-store,Cash
499,159,179,69.84,In-store,Cash
500,65,147,174.66,In-store,Credit Card
501,156,56,32.98,In-store,Debit Card
502,62,158,62.72,In-store,PayPal
503,18,124,8.99,Online,Credit Card
504,59,90,97.75,Online,Credit Card
505,153,131,45.97,Online,Credit Card
506,194,172,62.0,In-store,Debit Card
507,162,17,30.98,In-store,PayPal
508,45,179,98.76,Online,PayPal
509,9,134,61.96,In-store,Credit Card
510,104,92,46.98,Online,Credit Card
511,194,166,47.8,In-store,Debit Card
512,88,126,83.41,In-store,Credit Card
513,27,47,82.17,Online,Credit Card
514,13,57,35.48,In-store,Debit Card
515,67,14,42.97,In-store,Credit Card
516,198,35,30.98,Online,Credit Card
517,137,143,40.46,Online,Cash
518,88,143,55.47,Online,Debit Card
519,189,23,90.2,Online,Debit Card
520,98,91,61.78,Online,PayPal
521,150,34,78.45,In-store,Credit Card
522,170,130,38.1,In-store,Cash
523,129,163,32.98,In-store,PayPal
524,6,122,50.49,In-store,Cash
525,76,82,43.78,In-store,Credit Card
526,30,145,32.98,In-store,Debit Card
527,74,7,103.64,Online,PayPal
528,4,43,19.49,In-store,Credit Card
529,125,160,52.98,Online,PayPal
530,189,7,84.11,Online,Credit Card
531,66,93,22.27,In-store,Cash
532,145,160,38.48,In-store,Debit Card
533,25,28,53.13,In-store,Credit Card
534,145,74,79.25,In-store,PayPal
535,54,1,117.43,In-store,PayPal
536,155,180,38.41,In-store,Cash
537,7,173,12.99,Online,PayPal
538,21,154,106.91,In-store,Credit Card
539,55,6,21.98,Online,Cash
540,55,99,77.78,In-store,Cash
541,6,27,30.98,In-store,Cash
542,41,46,56.71,In-store,Debit Card
543,152,131,19.49,Online,Debit Card
544,48,38,100.39,In-store,PayPal
545,153,14,55.48,Online,Cash
546,6,109,38.21,In-store,Debit Card
547,66,175,85.81,Online,PayPal
548,113,34,62.0,Online,Debit Card
549,7,159,52.96,Online,Cash
550,152,123,130.72,In-store,Debit Card
551,12,138,45.97,Online,Debit Card
552,108,107,105.52,In-store,Cash
553,32,29,79.82,Online,Cash
554,35,153,21.98,Online,PayPal
555,148,145,61.63,In-store,PayPal
556,47,28,12.98,Online,Cash
557,3,7,103.11,Online,Credit Card
558,87,101,25.48,Online,Debit Card
559,79,34,75.02,Online,Debit Card
560,180,87,94.96,Online,PayPal
561,5,149,50.49,Online,PayPal
562,16,101,92.25,In-store,Cash
563,5,17,72.72,Online,Debit Card
564,153,150,39.23,In-store,Debit Card
565,65,176,120.93,In-store,PayPal
566,179,127,103.66,In-store,PayPal
567,165,161,30.98,In-store,PayPal
568,87,99,89.35,In-store,Credit Card
569,85,117,33.2,Online,Debit Card
570,182,4,69.99,Online,Credit Card
571,109,180,12.98,Online,Debit Card
572,53,13,37.72,In-store,Credit Card
573,121,71,65.95,Online,Credit Card
574,94,179,101.41,In-store,PayPal
575,140,63,86.82,Online,PayPal
576,171,168,41.96,In-store,PayPal
577,119,49,87.17,In-store,Debit Card
578,115,52,21.98,Online,Debit Card
579,23,77,12.98,Online,Credit Card
580,20,86,36.58,Online,Debit Card
581,134,151,77.02,Online,Cash
582,99,179,77.49,In-store,Credit Card
583,194,108,80.1,Online,Cash
584,10,159,134.42,Online,Cash
585,92,149,30.98,In-store,Debit Card
586,131,40,12.98,Online,Debit Card
587,71,172,61.96,Online,Debit Card
588,17,87,62.0,Online,Debit Card
589,125,66,109.74,In-store,PayPal
590,156,149,76.31,Online,Debit Card
591,63,54,22.97,Online,Cash
592,103,112,123.54,Online,Credit Card
593,178,140,104.27,In-store,Debit Card
594,39,180,32.98,In-store,PayPal
595,113,161,21.98,In-store,Debit Card
596,80,41,103.38,Online,Cash
597,41,11,98.97,Online,PayPal
598,13,40,30.98,Online,Credit Card
599,105,60,58.98,In-store,Debit Card
600,170,106,12.98,In-store,Cash
601,193,81,108.69,In-store,PayPal
602,60,119,91.64,Online,Debit Card
603,184,82,134.68,Online,PayPal
604,49,169,32.98,In-store,Credit Card
605,54,166,41.4,Online,PayPal
606,8,101,59.52,In-store,Cash
607,168,74,70.15,Online,Credit Card
608,167,127,38.48,Online,Cash
609,121,8,107.99,Online,PayPal
610,137,53,113.57,Online,Credit Card
611,92,165,59.82,In-store,Debit Card
612,167,145,19.49,In-store,Debit Card
613,164,166,89.35,Online,PayPal
614,43,37,21.98,Online,Cash
615,119,54,42.5,In-store,PayPal
616,197,148,52.48,Online,Credit Card
617,188,172,100.86,In-store,Debit Card
618,196,118,21.98,Online,Credit Card
619,76,97,136.77,In-store,Debit Card
620,70,1,60.43,Online,Debit Card
621,183,44,32.98,Online,PayPal
622,60,60,94.65,Online,Credit Card
623,125,84,26.47,Online,Debit Card
624,95,155,50.49,In-store,Debit Card
625,164,39,32.99,In-store,Cash
626,120,19,79.73,In-store,Credit Card
627,151,152,53.11,Online,Credit Card
628,124,180,84.08,In-store,Credit Card
629,63,145,50.49,Online,Debit Card
630,17,5,56.91,Online,PayPal
631,112,178,19.49,Online,PayPal
632,67,59,71.21,In-store,Credit Card
633,190,147,21.98,Online,Cash
634,93,148,50.49,In-store,Cash
635,147,79,82.67,In-store,Credit Card
636,175,123,50.49,In-store,PayPal
637,125,135,78.48,In-store,PayPal
638,129,155,19.49,Online,PayPal
639,11,166,12.98,In-store,Credit Card
640,131,12,75.73,Online,PayPal
641,185,81,58.35,Online,Cash
642,181,136,19.49,Online,Debit Card
643,149,36,97.95,Online,Credit Card
644,54,86,19.49,In-store,Credit Card
645,109,59,64.48,In-store,Credit Card
646,53,131,61.97,In-store,Debit Card
647,149,98,109.9,Online,Debit Card
648,72,53,64.98,In-store,Cash
649,119,120,33.98,Online,Cash
650,31,152,69.56,In-store,Cash
651,107,11,35.96,In-store,Debit Card
652,1,130,60.37,Online,Debit Card
653,81,2,12.98,Online,Debit Card
654,129,96,84.54,Online,Credit Card
655,196,77,80.99,In-store,PayPal
656,42,177,61.96,Online,Credit Card
657,119,84,81.96,In-store,Credit Card
658,66,76,76.46,In-store,PayPal
659,158,19,54.17,In-store,PayPal
660,177,113,72.54,In-store,Credit Card
661,182,122,19.49,Online,Debit Card
662,141,90,12.98,Online,Credit Card
663,33,59,78.22,Online,Debit Card
664,178,81,12.98,Online,Credit Card
665,148,34,41.97,Online,Debit Card
666,1,84,70.28,Online,Credit Card
667,147,104,74.1,In-store,Debit Card
668,87,60,31.97,Online,Debit Card
669,96,83,44.69,In-store,Credit Card
670,9,23,58.64,In-store,Credit Card
671,166,114,52.97,Online,Credit Card
672,64,132,66.36,In-store,Credit Card
673,28,139,58.98,Online,Cash
674,112,148,60.97,In-store,Credit Card
675,113,139,12.98,Online,PayPal
676,22,17,71.91,In-store,Credit Card
677,129,11,30.98,In-store,Debit Card
678,158,140,19.49,Online,Credit Card
679,45,64,35.99,Online,PayPal
680,139,81,63.99,Online,PayPal
681,170,178,61.02,In-store,Credit Card
682,200,163,35.21,In-store,PayPal
683,182,177,107.38,In-store,Credit Card
684,67,20,52.78,Online,Credit Card
685,60,23,19.49,In-store,Debit Card
686,127,14,46.39,In-store,Debit Card
687,101,11,25.97,Online,Credit Card
688,35,166,25.97,In-store,Credit Card
689,157,150,103.06,In-store,Debit Card
690,66,85,27.99,Online,Credit Card
691,188,156,75.02,In-store,Cash
692,125,119,111.84,Online,Credit Card
693,177,42,81.5,Online,Cash
694,149,19,44.69,In-store,Cash
695,162,157,19.49,In-store,Cash
696,66,170,84.83,Online,Debit Card
697,22,178,50.49,In-store,PayPal
698,97,164,104.1,Online,Cash
699,184,157,28.74,In-store,PayPal
700,91,104,81.5,In-store,Cash
701,80,38,12.98,In-store,Cash
702,81,100,74.01,In-store,Debit Card
703,146,17,16.97,Online,Cash
704,8,103,52.69,Online,Debit Card
705,1,135,26.48,Online,Credit Card
706,170,164,47.22,In-store,Credit Card
707,41,153,78.91,Online,PayPal
708,167,177,47.97,Online,PayPal
709,180,8,90.48,Online,Cash
710,196,174,33.97,In-store,Cash
711,81,86,19.49,In-store,Debit Card
712,8,72,58.52,In-store,Credit Card
713,140,134,37.32,Online,Cash
714,14,151,72.47,Online,PayPal
715,89,86,25.48,In-store,Credit Card
716,12,77,86.78,Online,Credit Card
717,65,144,25.2,Online,Credit Card
718,27,74,62.48,Online,Cash
719,192,20,67.17,In-store,Debit Card
720,13,145,95.34,In-store,Credit Card
721,1,167,80.48,Online,Debit Card
722,147,111,32.99,Online,Credit Card
723,189,122,58.7,Online,Credit Card
724,41,92,48.86,In-store,Debit Card
725,127,82,77.47,Online,Credit Card
726,23,26,60.95,In-store,PayPal
727,65,82,65.86,In-store,Credit Card
728,8,61,50.49,In-store,PayPal
729,178,136,30.98,Online,PayPal
730,200,35,78.48,In-store,Credit Card
731,100,124,79.52,In-store,Cash
732,75,177,12.98,Online,Cash
733,129,129,114.83,Online,PayPal
734,145,30,104.43,In-store,Credit Card
735,50,164,92.89,Online,Debit Card
736,117,45,28.97,Online,Debit Card
737,18,55,44.27,In-store,Debit Card
738,1,4,21.98,In-store,Credit Card
739,62,179,65.49,In-store,Credit Card
740,82,107,77.02,Online,Cash
741,161,68,92.13,In-store,Cash
742,181,114,46.97,In-store,PayPal
743,166,129,19.49,In-store,PayPal
744,62,114,90.42,Online,Cash
745,68,83,32.38,In-store,PayPal
746,34,104,41.98,In-store,Debit Card
747,40,14,64.2,Online,PayPal
748,134,69,12.98,Online,Credit Card
749,84,145,35.84,In-store,Debit Card
750,41,59,92.88,Online,PayPal
751,7,173,50.49,In-store,Debit Card
752,118,83,98.46,Online,PayPal
753,125,76,102.06,Online,Credit Card
754,69,28,52.97,Online,Credit Card
755,89,156,27.47,Online,Credit Card
756,4,146,65.48,Online,Cash
757,149,62,58.08,Online,Credit Card
758,105,157,72.99,Online,Credit Card
759,16,74,57.69,Online,Cash
760,89,26,30.98,In-store,Debit Card
761,146,57,70.89,In-store,PayPal
762,152,117,32.98,In-store,PayPal
763,52,138,28.72,Online,Debit Card
764,130,53,127.15,Online,Cash
765,20,41,29.37,In-store,Cash
766,88,173,78.14,In-store,Cash
767,175,100,114.8,Online,Cash
768,133,24,34.84,Online,Debit Card
769,174,70,12.98,In-store,Credit Card
770,25,133,51.47,In-store,Cash
771,79,89,52.97,Online,Debit Card
772,78,94,80.62,Online,PayPal
773,58,6,50.49,In-store,Debit Card
774,63,180,56.59,Online,Cash
775,88,21,50.49,Online,Credit Card
776,96,112,126.81,In-store,PayPal
777,63,43,59.96,Online,Debit Card
778,4,39,63.99,Online,PayPal
779,57,39,12.98,Online,PayPal
780,58,107,91.64,In-store,Debit Card
781,90,35,43.96,In-store,PayPal
782,134,153,63.21,In-store,Debit Card
783,68,11,74.93,Online,Debit Card
784,169,48,22.23,In-store,Credit Card
785,200,178,78.48,In-store,Credit Card
786,33,50,61.89,Online,Cash
787,102,20,72.18,In-store,PayPal
788,146,20,12.98,In-store,PayPal
789,176,44,27.97,Online,PayPal
790,104,30,94.07,Online,Cash
791,66,176,124.1,Online,PayPal
792,99,98,129.01,In-store,PayPal
793,61,62,113.03,In-store,Credit Card
794,145,110,21.97,In-store,Cash
795,76,102,37.24,Online,Cash
796,196,9,43.96,In-store,Credit Card
797,91,62,21.98,Online,PayPal
798,127,108,56.21,In-store,Cash
799,164,141,76.36,In-store,Cash
800,183,126,47.11,Online,PayPal
801,60,142,78.14,Online,Cash
802,131,63,32.98,In-store,Debit Card
803,59,43,21.98,Online,Debit Card
804,106,118,65.71,Online,Credit Card
805,100,106,125.32,Online,Debit Card
806,50,30,21.98,In-store,Credit Card
807,200,40,50.49,In-store,PayPal
808,133,79,60.07,In-store,Credit Card
809,141,179,58.79,Online,Debit Card
810,6,144,33.97,Online,Debit Card
811,101,18,5.99,In-store,Debit Card
812,53,164,41.96,In-store,Cash
813,115,50,78.91,In-store,Credit Card
814,85,148,59.36,Online,Debit Card
815,37,67,73.82,In-store,Cash
816,77,17,92.97,Online,Cash
817,180,134,78.29,Online,PayPal
818,78,174,37.32,In-store,Credit Card
819,3,49,46.98,Online,Debit Card
820,14,163,50.18,Online,PayPal
821,146,25,53.37,In-store,Credit Card
822,158,53,36.97,In-store,Cash
823,149,27,48.77,Online,Credit Card
824,92,50,30.98,In-store,Cash
825,28,38,67.34,Online,Credit Card
826,182,86,35.48,Online,Credit Card
827,58,12,21.98,Online,Cash
828,68,178,69.21,In-store,PayPal
829,195,102,31.76,Online,PayPal
830,102,172,50.44,Online,Cash
831,99,156,75.28,Online,Debit Card
832,190,121,117.51,Online,Debit Card
833,187,96,12.98,Online,Credit Card
834,127,134,91.47,In-store,Debit Card
835,26,31,75.69,Online,Debit Card
836,100,109,50.02,Online,PayPal
837,100,95,40.63,In-store,Debit Card
838,132,169,89.52,Online,Debit Card
839,167,161,15.99,In-store,Debit Card
840,175,10,79.02,In-store,Cash
841,124,83,60.89,Online,Credit Card
842,53,148,79.66,In-store,PayPal
843,118,125,112.17,Online,Cash
844,59,151,21.98,Online,Debit Card
845,4,128,30.98,Online,PayPal
846,153,82,70.48,Online,Cash
847,198,136,72.66,In-store,Debit Card
848,161,34,32.98,Online,Credit Card
849,50,39,30.98,Online,PayPal
850,76,128,30.98,In-store,Credit Card
851,66,148,12.98,In-store,Credit Card
852,125,40,31.97,Online,Cash
853,113,20,52.46,In-store,Cash
854,176,14,19.49,In-store,PayPal
855,106,51,32.99,Online,Debit Card
856,27,123,19.49,In-store,Cash
857,58,130,52.68,In-store,PayPal
858,140,89,89.78,Online,Debit Card
859,176,162,12.98,In-store,Debit Card
860,61,167,130.49,In-store,Cash
861,120,97,79.47,In-store,Debit Card
862,168,68,65.48,In-store,PayPal
863,146,45,58.18,In-store,Debit Card
864,91,45,62.67,In-store,Cash
865,125,42,24.27,In-store,Debit Card
866,29,132,143.03,In-store,PayPal
867,43,63,63.38,In-store,Debit Card
868,182,136,70.51,In-store,Credit Card
869,175,148,25.48,In-store,Debit Card
870,99,146,30.98,Online,Debit Card
871,6,158,64.41,Online,Debit Card
872,114,120,103.01,In-store,PayPal
873,118,162,169.29,In-store,Debit Card
874,120,11,102.36,Online,Cash
875,193,135,96.26,In-store,Debit Card
876,178,117,26.48,In-store,Debit Card
877,4,118,88.52,In-store,Credit Card
878,70,160,73.07,Online,PayPal
879,42,105,90.59,Online,Debit Card
880,112,106,24.38,In-store,Debit Card
881,100,10,61.89,Online,Debit Card
882,100,113,66.79,In-store,Debit Card
883,117,4,19.49,In-store,Cash
884,29,69,73.32,In-store,PayPal
885,127,93,19.49,In-store,Debit Card
886,165,65,46.98,Online,Credit Card
887,140,134,53.84,In-store,Cash
888,88,143,26.81,In-store,Credit Card
889,7,158,109.77,In-store,Cash
890,41,105,32.98,Online,PayPal
891,25,79,58.59,In-store,Cash
892,148,88,52.46,In-store,Debit Card
893,37,76,72.99,Online,Debit Card
894,60,71,127.27,In-store,Cash
895,161,66,91.28,In-store,Cash
896,77,69,50.49,Online,PayPal
897,47,113,33.97,Online,PayPal
898,113,152,66.36,In-store,PayPal
899,89,67,62.48,Online,Debit Card
900,158,108,21.98,Online,Credit Card
901,100,43,100.94,Online,PayPal
902,101,56,19.49,In-store,Cash
903,178,56,43.78,In-store,Credit Card
904,123,139,26.47,Online,Credit Card
905,65,180,60.29,In-store,Credit Card
906,100,71,89.35,In-store,Cash
907,121,118,50.49,In-store,Credit Card
908,171,34,27.47,In-store,Cash
909,152,15,36.97,Online,Credit Card
910,190,143,127.72,Online,Debit Card
911,21,118,31.97,Online,Debit Card
912,32,26,89.96,In-store,Cash
913,157,56,12.98,In-store,Credit Card
914,97,14,75.16,Online,Credit Card
915,88,133,96.45,In-store,Credit Card
916,48,6,51.31,In-store,Debit Card
917,130,129,41.4,Online,Cash
918,118,6,50.49,In-store,Debit Card
919,165,72,62.0,In-store,Debit Card
920,54,144,54.47,Online,Cash
921,137,137,79.47,In-store,Cash
922,12,101,62.97,Online,PayPal
923,104,163,15.99,In-store,Debit Card
924,134,9,50.02,Online,Credit Card
925,155,99,69.38,In-store,PayPal
926,79,17,12.98,In-store,Cash
927,198,116,46.97,In-store,PayPal
928,5,141,61.84,In-store,Cash
929,99,37,60.37,Online,Credit Card
930,56,121,19.49,Online,PayPal
931,100,102,97.37,Online,Cash
932,120,115,41.4,Online,Debit Card
933,30,171,58.98,Online,Cash
934,10,168,54.41,In-store,PayPal
935,158,143,30.98,Online,Credit Card
936,164,79,70.11,Online,Cash
937,53,122,25.02,In-store,Credit Card
938,32,9,30.98,In-store,Debit Card
939,59,48,69.27,In-store,Credit Card
940,172,90,12.98,Online,Credit Card
941,161,61,28.97,In-store,PayPal
942,1,86,28.78,Online,Debit Card
943,96,159,72.99,In-store,Credit Card
944,189,123,66.79,Online,PayPal
945,93,132,55.48,In-store,Cash
946,154,88,55.15,In-store,Credit Card
947,69,24,52.97,Online,PayPal
948,158,148,19.49,In-store,PayPal
949,57,101,98.95,Online,Credit Card
950,75,121,102.14,Online,Credit Card
951,60,78,92.34,In-store,Cash
952,149,43,30.98,Online,Debit Card
953,193,153,12.98,In-store,Debit Card
954,185,93,127.4,Online,Cash
955,134,5,79.23,Online,Debit Card
956,149,39,73.35,In-store,Cash
957,165,140,48.49,Online,Debit Card
958,17,47,48.27,In-store,Debit Card
959,5,41,58.64,In-store,Debit Card
960,47,29,16.97,Online,Credit Card
961,91,160,91.51,Online,PayPal
962,94,23,126.91,Online,Cash
963,59,93,51.38,In-store,PayPal
964,20,107,19.49,Online,Credit Card
965,173,168,114.07,Online,Cash
966,18,106,125.2,In-store,Credit Card
967,77,2,50.18,Online,Cash
968,145,148,51.7,Online,Cash
969,16,2,58.98,Online,Credit Card
970,49,91,84.96,Online,Cash
971,74,137,120.84,Online,Credit Card
972,151,109,30.98,Online,Credit Card
973,122,9,60.61,Online,Credit Card
974,87,11,29.48,Online,Debit Card
975,179,63,24.38,In-store,PayPal
976,34,18,102.81,In-store,PayPal
977,92,107,50.49,In-store,Cash
978,91,152,32.98,Online,Debit Card
979,23,176,12.98,In-store,Credit Card
980,106,97,112.93,Online,Debit Card
981,98,117,50.49,Online,PayPal
982,187,23,48.47,Online,Debit Card
983,24,125,108.12,Online,Cash
984,158,81,19.49,Online,Cash
985,87,137,66.23,In-store,Debit Card
986,184,74,73.28,Online,PayPal
987,66,5,76.27,In-store,PayPal
988,97,109,69.82,In-store,Debit Card
989,130,5,70.51,Online,PayPal
990,41,11,19.5,In-store,PayPal
991,181,12,46.06,In-store,PayPal
992,51,30,50.49,In-store,Credit Card
993,117,158,87.75,Online,Credit Card
994,48,26,69.27,In-store,Debit Card
995,107,89,100.66,In-store,Debit Card
996,32,97,75.97,Online,Debit Card
997,193,176,70.18,In-store,PayPal
998,60,172,89.97,In-store,Credit Card
999,141,110,50.49,Online,Debit Card
1000,59,134,84.1,Online,Cash
1001,162,103,30.98,Online,Credit Card
1002,96,117,70.48,In-store,Credit Card
1003,131,98,32.98,In-store,Credit Card
1004,39,1,58.98,Online,Cash
1005,98,20,108.65,In-store,Debit Card
1006,89,123,35.56,Online,Cash
1007,95,100,41.98,Online,Cash
1008,154,123,47.7,In-store,PayPal
1009,48,116,50.49,Online,Credit Card
1010,163,138,81.36,Online,Credit Card
1011,182,161,83.35,Online,Credit Card
1012,189,80,68.19,In-store,Credit Card
1013,38,69,87.2,Online,PayPal
1014,71,103,58.98,In-store,Credit Card
1015,89,52,45.97,Online,PayPal
1016,72,91,33.62,In-store,Credit Card
1017,181,72,50.49,In-store,PayPal
1018,103,68,98.01,In-store,Debit Card
1019,127,112,27.96,In-store,Cash
1020,2,174,87.11,In-store,Cash
1021,140,30,103.44,Online,Credit Card
1022,6,172,27.17,Online,Credit Card
1023,73,115,104.12,Online,Credit Card
1024,171,50,100.79,In-store,PayPal
1025,82,33,30.98,In-store,PayPal
1026,88,167,65.84,In-store,PayPal
1027,126,37,21.98,In-store,PayPal
1028,125,72,70.33,Online,PayPal
1029,69,17,50.49,Online,Cash
1030,9,6,29.99,Online,PayPal
1031,111,69,55.48,Online,PayPal
1032,78,29,46.98,Online,Credit Card
1033,172,58,40.89,Online,Credit Card
1034,92,55,65.71,Online,Cash
1035,153,136,34.4,Online,Credit Card
1036,194,99,29.97,Online,Debit Card
1037,120,43,32.98,Online,Cash
1038,55,144,124.43,In-store,Cash
1039,173,158,23.48,In-store,PayPal
1040,25,109,122.64,Online,Debit Card
1041,28,10,71.47,In-store,PayPal
1042,101,142,64.98,In-store,Cash
1043,185,180,29.24,Online,Cash
1044,152,7,35.99,In-store,Cash
1045,190,100,62.77,Online,Credit Card
1046,172,78,45.47,In-store,Credit Card
1047,93,24,28.72,Online,Credit Card
1048,65,28,32.99,Online,Cash
1049,8,155,62.48,Online,Credit Card
1050,192,84,32.98,In-store,PayPal
1051,23,53,38.18,In-store,Credit Card
1052,129,175,154.21,Online,Debit Card
1053,62,144,47.97,Online,Debit Card
1054,144,10,51.73,In-store,Credit Card
1055,30,171,68.18,Online,Cash
1056,70,179,73.06,In-store,Debit Card
1057,89,115,24.98,In-store,Credit Card
1058,123,83,84.56,In-store,Debit Card
1059,20,125,97.97,Online,PayPal
1060,168,133,35.84,In-store,PayPal
1061,58,75,21.98,In-store,Credit Card
1062,110,111,32.98,Online,Debit Card
1063,4,95,111.7,In-store,Debit Card
1064,182,159,78.48,Online,Debit Card
1065,126,52,12.98,Online,Cash
1066,12,85,24.27,Online,Cash
1067,29,101,53.26,Online,Cash
1068,92,22,52.97,Online,Cash
1069,151,147,78.12,In-store,Debit Card
1070,68,89,87.87,In-store,Debit Card
1071,178,122,21.98,Online,Credit Card
1072,53,174,97.21,In-store,Debit Card
1073,159,95,30.98,Online,Credit Card
1074,95,144,38.97,Online,Cash
1075,133,95,21.98,In-store,Credit Card
1076,158,152,61.97,In-store,PayPal
1077,103,90,73.59,Online,Debit Card
1078,191,81,60.89,Online,Cash
1079,199,104,21.98,Online,Debit Card
1080,15,90,21.98,Online,Credit Card
1081,196,10,63.97,Online,Credit Card
1082,98,99,42.27,Online,Credit Card
1083,103,17,86.35,Online,Debit Card
1084,93,98,94.33,In-store,Cash
1085,47,28,99.9,Online,PayPal
1086,35,29,21.98,In-store,PayPal
1087,52,159,71.52,Online,PayPal
1088,152,159,62.72,Online,Debit Card
1089,139,138,121.59,Online,Cash
1090,101,177,45.47,Online,PayPal
1091,101,35,74.82,Online,PayPal
1092,22,155,32.97,Online,Debit Card
1093,195,26,75.69,In-store,Credit Card
1094,197,25,100.98,In-store,Cash
1095,54,120,60.08,In-store,Cash
1096,42,33,76.09,In-store,PayPal
1097,56,93,33.32,In-store,Cash
1098,60,7,22.23,Online,Debit Card
1099,61,148,72.76,In-store,Credit Card
1100,7,152,122.91,In-store,Debit Card
1101,180,159,73.47,In-store,Credit Card
1102,98,97,28.98,Online,Debit Card
1103,171,57,96.48,Online,Cash
1104,160,147,35.48,Online,Cash
1105,193,40,35.99,Online,PayPal
1106,33,19,63.99,Online,Debit Card
1107,63,34,61.01,Online,Cash
1108,130,162,48.74,In-store,PayPal
1109,89,85,17.48,In-store,Credit Card
1110,70,60,30.98,Online,PayPal
1111,51,12,39.98,Online,Debit Card
1112,120,176,45.95,Online,PayPal
1113,138,7,53.84,In-store,Cash
1114,98,84,99.97,In-store,Credit Card
1115,149,79,81.99,Online,Cash
1116,10,126,32.98,In-store,Cash
1117,41,74,43.02,In-store,PayPal
1118,198,177,16.97,Online,Credit Card
1119,1,38,62.0,Online,PayPal
1120,168,130,86.8,In-store,PayPal
1121,93,119,129.61,In-store,PayPal
1122,152,34,73.89,In-store,PayPal
1123,152,30,48.53,In-store,PayPal
1124,162,165,50.03,Online,Credit Card
1125,57,73,87.22,Online,Debit Card
1126,122,43,101.71,In-store,Cash
1127,6,11,19.49,Online,Debit Card
1128,128,143,38.99,In-store,Cash
1129,108,40,47.14,Online,Debit Card
1130,198,57,30.98,Online,Cash
1131,153,133,35.99,In-store,Cash
1132,75,15,83.33,In-store,Debit Card
1133,52,57,66.71,Online,Credit Card
1134,174,170,32.99,Online,Cash
1135,113,144,46.6,In-store,PayPal
1136,111,60,67.2,Online,Debit Card
1137,140,117,27.99,In-store,Cash
1138,180,125,112.32,Online,Credit Card
1139,114,17,75.98,In-store,PayPal
1140,38,11,78.14,Online,Cash
1141,22,57,59.76,Online,Cash
1142,75,118,45.97,Online,Debit Card
1143,110,130,30.98,Online,Credit Card
1144,175,123,12.98,In-store,Debit Card
1145,136,172,45.47,Online,Cash
1146,153,77,58.62,In-store,Cash
1147,31,159,78.95,In-store,Debit Card
1148,126,52,21.98,Online,PayPal
1149,65,103,51.48,In-store,Cash
1150,45,6,44.97,Online,PayPal
1151,34,153,81.87,In-store,PayPal
1152,90,105,26.48,Online,PayPal
1153,92,31,35.99,In-store,Cash
1154,6,112,57.32,Online,Credit Card
1155,90,104,74.57,In-store,Cash
1156,174,105,32.38,Online,Debit Card
1157,92,49,115.44,In-store,Credit Card
1158,124,120,32.98,In-store,Credit Card
1159,79,9,36.16,Online,Credit Card
1160,125,170,12.98,In-store,Cash
1161,112,69,21.98,In-store,Credit Card
1162,25,36,23.98,In-store,Cash
1163,50,158,78.96,Online,Debit Card
1164,147,60,69.83,In-store,Debit Card
1165,9,65,32.98,In-store,Cash
1166,78,135,70.48,Online,Debit Card
1167,185,108,19.49,In-store,PayPal
1168,176,69,56.69,Online,Debit Card
1169,154,28,59.02,Online,PayPal
1170,119,11,57.04,In-store,Cash
1171,29,124,12.98,In-store,PayPal
1172,13,55,90.71,In-store,PayPal
1173,126,139,22.97,Online,Cash
1174,100,58,12.98,Online,Cash
1175,154,106,83.86,In-store,PayPal
1176,55,88,88.82,In-store,Cash
1177,2,72,45.97,In-store,Debit Card
1178,92,43,32.98,Online,Cash
1179,141,3,21.98,In-store,Cash
1180,33,122,77.95,Online,Debit Card
1181,70,60,70.21,In-store,Credit Card
1182,180,3,75.83,Online,Cash
1183,128,46,84.4,Online,PayPal
1184,149,119,45.97,In-store,Cash
1185,139,45,19.49,In-store,Cash
1186,25,25,52.84,In-store,Credit Card
1187,195,60,73.67,In-store,Credit Card
1188,124,67,131.54,Online,Credit Card
1189,166,60,21.98,Online,PayPal
1190,184,113,59.49,In-store,Credit Card
1191,187,62,70.79,Online,PayPal
1192,48,106,69.69,In-store,PayPal
1193,133,76,94.18,Online,PayPal
1194,64,157,168.31,In-store,Credit Card
1195,111,3,42.11,Online,Credit Card
1196,55,18,21.98,In-store,Credit Card
1197,27,46,31.97,In-store,PayPal
1198,56,98,50.59,In-store,Cash
1199,82,128,52.02,In-store,Cash
1200,74,127,45.11,In-store,Debit Card
1201,83,33,96.75,Online,PayPal
1202,124,96,51.37,Online,PayPal
1203,172,71,112.8,In-store,Cash
1204,64,115,12.98,Online,Credit Card
1205,117,76,26.47,Online,PayPal
1206,132,172,70.31,In-store,Cash
1207,92,164,30.98,Online,Cash
1208,89,72,46.97,In-store,PayPal
1209,74,144,110.59,Online,Debit Card
1210,181,59,90.48,In-store,Cash
1211,150,63,66.23,Online,PayPal
1212,60,85,12.98,Online,Debit Card
1213,3,45,119.28,In-store,Credit Card
1214,140,166,73.35,In-store,PayPal
1215,136,91,38.88,Online,Credit Card
1216,95,155,50.49,Online,Debit Card
1217,120,125,84.86,In-store,Credit Card
1218,175,28,18.97,In-store,Cash
1219,24,150,65.96,Online,Debit Card
1220,6,87,69.74,Online,Debit Card
1221,181,124,34.98,In-store,PayPal
1222,68,79,21.98,In-store,Credit Card
1223,145,171,87.16,In-store,PayPal
1224,81,146,44.73,Online,Cash
1225,97,136,49.96,Online,Debit Card
1226,52,38,51.97,Online,Cash
1227,26,55,48.61,In-store,Credit Card
1228,67,165,40.75,In-store,Credit Card
1229,37,12,38.48,Online,Debit Card
1230,91,120,76.57,Online,Debit Card
1231,23,132,66.22,Online,Credit Card
1232,194,137,55.21,In-store,Cash
1233,101,41,30.98,In-store,Credit Card
1234,118,28,83.52,Online,Debit Card
1235,62,156,46.47,In-store,Credit Card
1236,34,103,32.98,In-store,Debit Card
1237,124,29,165.87,Online,Debit Card
1238,144,2,56.96,In-store,PayPal
1239,124,8,45.97,In-store,PayPal
1240,171,60,77.84,Online,Debit Card
1241,161,14,30.98,Online,Credit Card
1242,142,175,46.97,Online,PayPal
1243,129,68,19.49,Online,Cash
1244,4,44,87.59,Online,Credit Card
1245,147,94,47.47,Online,Debit Card
1246,132,167,84.21,In-store,Debit Card
1247,151,69,13.83,Online,Credit Card
1248,192,105,32.98,In-store,Credit Card
1249,77,116,12.98,Online,PayPal
1250,186,116,21.98,In-store,Cash
1251,116,175,32.98,In-store,Debit Card
1252,10,121,12.98,Online,PayPal
1253,14,16,32.99,In-store,PayPal
1254,162,51,49.64,Online,Cash
1255,172,177,100.18,In-store,PayPal
1256,90,3,32.48,In-store,Cash
1257,11,81,103.57,In-store,Cash
1258,195,99,21.98,Online,PayPal
1259,1,68,26.81,In-store,Cash
1260,65,127,78.48,In-store,Debit Card
1261,125,132,79.73,In-store,Credit Card
1262,96,29,89.14,In-store,Debit Card
1263,157,151,3.99,In-store,Cash
1264,200,144,43.02,In-store,PayPal
1265,27,24,30.98,In-store,Debit Card
1266,86,137,75.28,In-store,Credit Card
1267,5,113,9.29,Online,Cash
1268,12,168,56.48,Online,Cash
1269,179,75,66.96,Online,Debit Card
1270,174,176,54.77,In-store,Cash
1271,11,14,32.98,In-store,Debit Card
1272,15,133,84.11,Online,Debit Card
1273,148,99,32.98,Online,Debit Card
1274,60,109,53.48,Online,Cash
1275,91,3,99.83,In-store,PayPal
1276,45,147,60.83,Online,Debit Card
1277,96,97,30.98,In-store,Cash
1278,181,61,62.0,In-store,PayPal
1279,163,133,19.49,Online,Debit Card
1280,58,120,12.98,In-store,Cash
1281,146,33,40.97,In-store,Debit Card
1282,79,139,104.39,Online,Cash
1283,153,136,32.98,In-store,Credit Card
1284,113,175,56.27,In-store,Credit Card
1285,71,171,80.35,Online,Cash
1286,25,161,52.78,Online,PayPal
1287,20,106,19.49,Online,PayPal
1288,67,10,100.71,In-store,Credit Card
1289,68,111,65.76,Online,PayPal
1290,158,93,44.23,Online,Debit Card
1291,161,155,111.95,Online,Debit Card
1292,40,91,32.98,In-store,Cash
1293,76,1,21.98,In-store,Cash
1294,90,24,79.64,Online,Debit Card
1295,107,28,32.38,In-store,PayPal
1296,11,141,30.98,Online,PayPal
1297,95,154,50.48,Online,PayPal
1298,128,19,93.56,In-store,PayPal
1299,117,89,97.54,In-store,Debit Card
1300,53,15,62.48,Online,PayPal
1301,161,38,12.98,In-store,Cash
1302,176,77,87.24,In-store,Cash
1303,35,11,65.98,In-store,PayPal
1304,38,6,127.29,In-store,PayPal
1305,178,20,19.49,Online,Debit Card
1306,42,50,97.56,In-store,PayPal
1307,96,52,59.22,In-store,Credit Card
1308,141,42,32.98,Online,Debit Card
1309,126,177,50.96,In-store,Debit Card
1310,199,32,59.08,Online,Credit Card
1311,161,44,37.2,In-store,Debit Card
1312,173,85,40.89,In-store,Credit Card
1313,71,91,68.28,In-store,PayPal
1314,63,32,93.13,Online,PayPal
1315,19,159,59.31,In-store,PayPal
1316,200,1,46.97,Online,Cash
1317,91,74,50.49,In-store,Debit Card
1318,194,6,65.46,In-store,Debit Card
1319,12,6,40.63,Online,Cash
1320,192,163,51.86,In-store,Credit Card
1321,48,72,95.77,In-store,PayPal
1322,143,82,25.96,In-store,Debit Card
1323,80,160,91.47,In-store,Credit Card
1324,54,16,19.49,In-store,Debit Card
1325,62,39,28.97,In-store,Cash
1326,12,113,79.86,In-store,Debit Card
1327,26,146,112.88,Online,Cash
1328,41,28,56.37,Online,PayPal
1329,89,148,12.98,Online,Credit Card
1330,93,150,42.35,In-store,Credit Card
1331,155,59,79.82,In-store,Credit Card
1332,96,129,86.04,Online,Debit Card
1333,40,168,71.44,In-store,PayPal
1334,109,67,19.49,In-store,Cash
1335,126,36,92.78,Online,PayPal
1336,174,45,56.48,In-store,Debit Card
1337,24,33,74.21,Online,Cash
1338,143,150,30.98,In-store,Debit Card
1339,109,42,63.48,In-store,Credit Card
1340,136,92,30.8,In-store,Cash
1341,63,180,21.98,Online,Credit Card
1342,126,75,50.49,In-store,Cash
1343,80,172,66.96,Online,Debit Card
1344,4,80,12.98,Online,PayPal
1345,65,18,25.96,Online,Debit Card
1346,6,134,69.84,In-store,Credit Card
1347,47,86,19.49,Online,Cash
1348,54,9,47.32,Online,Cash
1349,142,163,75.4,Online,PayPal
1350,146,113,71.96,In-store,Debit Card
1351,91,52,21.98,Online,Credit Card
1352,200,32,41.27,In-store,Credit Card
1353,153,46,79.66,In-store,PayPal
1354,57,155,32.98,In-store,Cash
1355,117,115,81.29,Online,PayPal
1356,129,58,50.49,In-store,PayPal
1357,6,161,73.9,Online,Credit Card
1358,111,80,61.32,In-store,Credit Card
1359,65,170,47.46,In-store,PayPal
1360,142,108,64.23,In-store,Credit Card
1361,95,61,70.48,Online,Debit Card
1362,92,47,41.72,Online,Cash
1363,26,77,86.47,Online,PayPal
1364,47,117,64.73,Online,Cash
1365,199,116,71.86,Online,PayPal
1366,99,124,85.03,Online,Cash
1367,103,145,21.98,Online,Credit Card
1368,47,178,50.48,In-store,Credit Card
1369,162,40,47.97,In-store,PayPal
1370,146,178,93.08,Online,Cash
1371,21,101,25.02,In-store,Credit Card
1372,155,36,21.98,In-store,Debit Card
1373,143,119,32.98,In-store,Cash
1374,16,33,72.72,Online,PayPal
1375,16,127,30.98,Online,Debit Card
1376,141,8,43.96,Online,Debit Card
1377,40,23,58.38,Online,Debit Card
1378,81,172,78.53,Online,Cash
1379,182,170,84.97,In-store,Cash
1380,143,32,101.08,Online,Credit Card
1381,118,120,22.5,In-store,Debit Card
1382,182,14,77.71,Online,Credit Card
1383,73,118,30.98,Online,PayPal
1384,30,139,32.98,In-store,Credit Card
1385,162,167,50.49,In-store,Debit Card
1386,160,89,56.18,In-store,PayPal
1387,125,37,55.6,Online,Credit Card
1388,115,127,32.98,In-store,Cash
1389,42,155,19.49,In-store,Cash
1390,55,149,21.28,Online,PayPal
1391,175,62,21.97,Online,PayPal
1392,183,22,3.99,Online,PayPal
1393,198,168,109.57,In-store,Debit Card
1394,148,168,21.98,Online,Cash
1395,198,65,135.64,Online,Cash
1396,58,101,71.91,Online,Debit Card
1397,23,115,24.27,In-store,Credit Card
1398,37,89,76.98,In-store,PayPal
1399,96,72,32.98,Online,PayPal
1400,96,100,15.99,In-store,PayPal
1401,105,121,81.24,Online,Cash
1402,129,175,77.78,Online,Cash
1403,158,126,59.96,Online,Credit Card
1404,153,122,50.49,In-store,Debit Card
1405,6,42,19.49,Online,PayPal
1406,54,14,12.98,Online,Credit Card
1407,16,54,83.42,In-store,Credit Card
1408,77,7,83.5,In-store,Credit Card
1409,94,111,113.06,In-store,Cash
1410,150,64,63.97,In-store,Cash
1411,21,41,21.98,In-store,Cash
1412,98,103,63.64,Online,Debit Card
1413,111,93,68.47,Online,Cash
1414,111,74,104.05,Online,Cash
1415,114,42,86.04,In-store,Debit Card
1416,14,175,38.37,In-store,Cash
1417,104,147,85.03,Online,PayPal
1418,120,73,29.49,In-store,Credit Card
1419,45,104,33.97,Online,Cash
1420,9,61,65.52,Online,Credit Card
1421,132,165,49.64,Online,PayPal
1422,70,180,51.86,Online,Debit Card
1423,48,45,115.98,In-store,Credit Card
1424,167,8,58.98,Online,Debit Card
1425,3,94,62.0,Online,Credit Card
1426,9,90,16.97,In-store,PayPal
1427,176,166,50.49,In-store,PayPal
1428,156,105,49.39,In-store,PayPal
1429,8,18,30.98,In-store,PayPal
1430,98,134,32.98,Online,Credit Card
1431,9,113,93.1,In-store,PayPal
1432,96,122,55.6,Online,Debit Card
1433,11,127,30.98,In-store,Debit Card
1434,151,15,80.48,Online,Debit Card
1435,8,133,90.98,Online,PayPal
1436,75,57,107.7,In-store,Cash
1437,92,66,28.22,Online,Debit Card
1438,1,139,53.57,Online,Debit Card
1439,31,48,99.82,Online,Credit Card
1440,133,16,61.23,Online,Cash
1441,92,142,12.98,In-store,Cash
1442,96,43,30.98,In-store,Debit Card
1443,113,95,16.97,In-store,Credit Card
1444,89,120,19.49,In-store,Debit Card
1445,107,148,19.49,In-store,Credit Card
1446,122,67,46.98,Online,PayPal
1447,82,55,12.98,In-store,Cash
1448,132,156,30.98,Online,Debit Card
1449,135,100,45.97,Online,Cash
1450,198,134,32.98,In-store,PayPal
1451,189,63,103.61,In-store,Cash
1452,129,71,74.85,In-store,PayPal
1453,55,106,36.97,In-store,Cash
1454,198,78,87.64,Online,Debit Card
1455,36,59,41.4,Online,Debit Card
1456,180,69,59.34,Online,Debit Card
1457,67,122,62.48,In-store,PayPal
1458,59,20,55.07,Online,Credit Card
1459,165,171,55.49,In-store,Credit Card
1460,70,3,33.38,Online,Cash
1461,22,76,49.71,In-store,PayPal
1462,136,16,46.97,Online,PayPal
1463,176,173,157.94,Online,Debit Card
1464,142,179,19.49,In-store,PayPal
1465,193,111,39.71,In-store,Credit Card
1466,54,6,19.49,In-store,Cash
1467,97,138,108.96,Online,PayPal
1468,32,154,100.93,Online,Credit Card
1469,58,112,38.22,In-store,Debit Card
1470,88,77,23.18,Online,PayPal
1471,91,2,30.98,In-store,Cash
1472,66,169,58.22,In-store,Credit Card
1473,107,153,30.98,Online,Cash
1474,75,88,12.98,Online,Credit Card
1475,102,52,70.11,Online,Cash
1476,8,110,69.9,Online,Credit Card
1477,1,19,94.53,In-store,PayPal
1478,28,7,21.98,Online,PayPal
1479,164,29,67.48,In-store,Credit Card
1480,76,141,41.97,Online,Debit Card
1481,110,47,12.98,In-store,Cash
1482,175,28,32.98,In-store,PayPal
1483,27,43,30.98,Online,Credit Card
1484,39,74,62.55,Online,PayPal
1485,122,129,30.98,Online,PayPal
1486,49,166,19.49,Online,Debit Card
1487,191,108,87.56,Online,Credit Card
1488,84,22,32.98,In-store,Debit Card
1489,14,16,41.71,In-store,Credit Card
1490,44,150,76.36,In-store,Debit Card
1491,93,56,108.96,Online,PayPal
1492,19,145,60.41,In-store,Debit Card
1493,76,119,11.99,In-store,Debit Card
1494,168,136,80.9,Online,Credit Card
1495,68,134,111.94,In-store,Debit Card
1496,173,67,79.47,In-store,Cash
1497,37,35,35.84,Online,Cash
1498,191,158,78.06,Online,PayPal
1499,65,79,51.89,In-store,Cash
1500,37,15,86.06,In-store,Cash
1501,149,105,21.98,In-store,Credit Card
1502,149,140,50.49,In-store,PayPal
1503,16,7,117.73,In-store,PayPal
1504,145,106,32.98,Online,Debit Card
1505,6,144,45.39,In-store,Cash
1506,45,127,107.1,Online,Debit Card
1507,20,42,21.98,In-store,PayPal
1508,26,177,107.81,Online,Debit Card
1509,195,29,76.47,Online,PayPal
1510,13,143,70.41,Online,Cash
1511,194,135,43.72,In-store,Credit Card
1512,109,174,40.22,Online,PayPal
1513,22,112,53.57,In-store,Credit Card
1514,200,59,63.99,Online,Credit Card
1515,97,125,78.32,In-store,Cash
1516,42,93,58.98,In-store,Credit Card
1517,49,158,55.6,Online,Credit Card
1518,118,110,58.8,Online,Cash
1519,5,4,12.98,In-store,Debit Card
1520,30,14,70.57,In-store,Cash
1521,187,34,64.32,In-store,PayPal
1522,49,44,12.98,Online,Credit Card
1523,97,14,90.36,In-store,Debit Card
1524,31,89,58.49,In-store,PayPal
1525,198,55,16.97,Online,Credit Card
1526,37,105,32.99,Online,PayPal
1527,185,168,95.1,Online,Credit Card
1528,167,82,42.22,In-store,Credit Card
1529,73,146,75.69,In-store,Cash
1530,56,52,75.02,In-store,Debit Card
1531,161,123,50.49,Online,Cash
1532,93,158,92.07,In-store,PayPal
1533,140,58,50.49,In-store,Debit Card
1534,135,163,64.96,Online,Debit Card
1535,140,178,42.19,Online,Credit Card
1536,89,119,46.95,In-store,Cash
1537,157,146,50.49,In-store,PayPal
1538,192,146,66.9,Online,Credit Card
1539,67,170,80.56,In-store,Cash
1540,99,13,19.49,Online,Credit Card
1541,120,59,49.38,In-store,Credit Card
1542,112,65,50.49,In-store,Debit Card
1543,120,2,82.16,Online,PayPal
1544,39,58,50.49,In-store,Debit Card
1545,9,27,59.11,In-store,Cash
1546,60,83,12.98,In-store,Cash
1547,97,178,94.55,In-store,Debit Card
1548,148,63,59.34,Online,PayPal
1549,48,53,19.49,In-store,Credit Card
1550,174,153,64.41,In-store,Cash
1551,199,148,59.6,In-store,Cash
1552,50,35,85.37,In-store,PayPal
1553,3,83,41.4,Online,Credit Card
1554,15,106,63.98,In-store,PayPal
1555,94,24,51.76,In-store,Cash
1556,102,167,35.74,In-store,Credit Card
1557,68,44,19.49,Online,Cash
1558,11,18,89.8,In-store,Debit Card
1559,107,119,62.0,Online,Cash
1560,38,17,63.48,Online,Debit Card
1561,173,129,46.47,Online,Debit Card
1562,12,146,72.99,Online,PayPal
1563,175,8,78.48,Online,Debit Card
1564,123,89,72.99,Online,Credit Card
1565,91,112,30.98,In-store,PayPal
1566,192,175,21.98,In-store,Credit Card
1567,28,34,38.39,In-store,Cash
1568,16,106,118.49,In-store,PayPal
1569,88,95,87.31,Online,Credit Card
1570,57,109,38.21,In-store,PayPal
1571,124,40,19.49,Online,Credit Card
1572,177,2,30.8,Online,PayPal
1573,152,65,19.49,Online,PayPal
1574,25,66,21.98,In-store,Cash
1575,174,144,74.21,In-store,Cash
1576,175,111,50.49,Online,Debit Card
1577,87,51,82.16,Online,PayPal
1578,84,174,21.98,In-store,PayPal
1579,193,46,46.98,Online,Debit Card
1580,141,161,55.96,Online,PayPal
1581,92,108,64.96,In-store,PayPal
1582,121,179,90.48,Online,Debit Card
1583,23,97,122.92,In-store,PayPal
1584,65,141,12.98,Online,PayPal
1585,175,132,61.89,Online,PayPal
1586,76,81,30.9,In-store,Cash
1587,71,34,19.49,In-store,Credit Card
1588,48,157,58.52,Online,Cash
1589,157,176,21.98,In-store,PayPal
1590,195,36,62.0,Online,Debit Card
1591,29,71,19.49,Online,Credit Card
1592,122,40,47.37,In-store,Cash
1593,93,107,32.98,In-store,Cash
1594,26,14,32.98,In-store,Debit Card
1595,123,6,50.49,Online,Credit Card
1596,76,161,90.27,Online,Cash
1597,166,6,109.1,Online,Debit Card
1598,132,1,30.98,Online,Credit Card
1599,102,2,30.98,In-store,Cash
1600,24,108,27.99,Online,PayPal
1601,79,13,47.33,In-store,Credit Card
1602,111,68,107.72,In-store,Cash
1603,77,86,99.47,In-store,Cash
1604,128,59,41.99,Online,Debit Card
1605,74,26,69.06,In-store,Debit Card
1606,123,163,38.77,Online,Credit Card
1607,4,117,51.22,Online,PayPal
1608,21,143,92.56,In-store,Debit Card
1609,9,30,32.98,Online,Debit Card
1610,198,156,37.84,In-store,Cash
1611,147,81,132.15,In-store,PayPal
1612,107,63,92.11,Online,Credit Card
1613,134,42,32.98,In-store,Cash
1614,86,45,67.39,Online,Cash
1615,182,101,12.98,In-store,PayPal
1616,15,56,21.98,Online,Credit Card
1617,45,34,36.97,Online,Debit Card
1618,43,173,37.71,Online,Debit Card
1619,77,154,18.78,Online,PayPal
1620,76,63,30.98,Online,Credit Card
1621,186,176,32.98,In-store,PayPal
1622,147,85,75.69,Online,Cash
1623,71,33,74.99,In-store,PayPal
1624,113,71,109.76,Online,Cash
1625,127,10,94.45,In-store,Debit Card
1626,75,91,41.47,In-store,Cash
1627,88,21,19.49,In-store,Debit Card
1628,155,13,66.32,In-store,PayPal
1629,41,139,73.97,In-store,Cash
1630,141,152,66.79,Online,PayPal
1631,40,59,91.24,Online,PayPal
1632,89,138,26.82,Online,PayPal
1633,20,143,62.57,Online,Credit Card
1634,151,27,140.57,Online,Debit Card
1635,170,107,80.46,In-store,PayPal
1636,156,161,46.97,In-store,PayPal
1637,85,162,73.95,Online,Debit Card
1638,29,33,73.5,In-store,PayPal
1639,81,1,21.98,Online,Credit Card
1640,191,29,38.37,In-store,Debit Card
1641,27,6,102.65,In-store,Cash
1642,72,80,62.86,Online,Credit Card
1643,175,25,74.23,Online,Credit Card
1644,131,2,82.31,Online,Debit Card
1645,138,21,50.49,In-store,Debit Card
1646,34,108,100.49,In-store,PayPal
1647,66,90,32.48,Online,Cash
1648,189,28,32.98,In-store,Credit Card
1649,41,105,56.71,In-store,Cash
1650,109,162,54.2,In-store,Credit Card
1651,193,159,74.72,Online,Debit Card
1652,54,147,89.35,Online,PayPal
1653,93,119,30.98,Online,PayPal
1654,113,178,19.49,Online,Cash
1655,68,111,78.48,Online,Credit Card
1656,38,107,11.4,In-store,PayPal
1657,129,155,12.98,Online,Credit Card
1658,11,83,46.47,Online,Credit Card
1659,91,63,50.49,Online,Credit Card
1660,72,24,58.98,Online,Cash
1661,152,50,19.49,Online,PayPal
1662,9,83,83.06,Online,Cash
1663,164,168,30.98,Online,PayPal
1664,134,88,32.98,Online,Debit Card
1665,156,14,61.97,In-store,PayPal
1666,49,131,81.16,In-store,Debit Card
1667,146,32,21.98,Online,Debit Card
1668,177,95,30.98,Online,Credit Card
1669,7,154,71.71,Online,Credit Card
1670,119,139,66.48,Online,Cash
1671,43,20,113.86,In-store,Cash
1672,57,92,91.28,Online,PayPal
1673,66,144,50.49,In-store,Debit Card
1674,66,164,30.98,Online,Debit Card
1675,84,176,30.98,In-store,PayPal
1676,37,75,35.21,In-store,Cash
1677,117,105,50.96,In-store,Debit Card
1678,118,129,21.98,Online,Cash
1679,81,102,122.84,In-store,Debit Card
1680,153,113,57.98,Online,Cash
1681,21,10,107.1,Online,Debit Card
1682,4,119,56.36,Online,Credit Card
1683,79,45,19.49,Online,Credit Card
1684,55,108,50.02,In-store,Debit Card
1685,32,56,45.97,Online,PayPal
1686,155,115,19.49,In-store,Debit Card
1687,4,142,21.98,In-store,Credit Card
1688,97,63,76.48,Online,Cash
1689,162,64,52.02,In-store,Credit Card
1690,167,55,106.2,In-store,Credit Card
1691,78,53,12.98,Online,Credit Card
1692,118,27,53.31,In-store,Cash
1693,72,50,88.88,In-store,Cash
1694,137,5,74.58,In-store,Debit Card
1695,16,175,107.48,Online,Credit Card
1696,28,56,112.3,In-store,Cash
1697,39,129,30.98,Online,Debit Card
1698,12,35,30.98,Online,Debit Card
1699,95,69,52.97,In-store,Credit Card
1700,122,77,45.97,Online,PayPal
1701,18,118,32.98,Online,Debit Card
1702,178,134,76.61,In-store,PayPal
1703,60,166,99.2,Online,Cash
1704,68,168,19.49,In-store,PayPal
1705,107,147,46.98,In-store,Cash
1706,173,33,78.48,In-store,Credit Card
1707,12,99,28.96,Online,Cash
1708,129,49,81.06,In-store,Credit Card
1709,120,16,79.71,In-store,Debit Card
1710,181,174,37.72,In-store,Credit Card
1711,34,53,65.48,Online,Debit Card
1712,137,159,53.21,Online,Credit Card
1713,67,162,21.98,Online,Credit Card
1714,70,48,31.76,In-store,Cash
1715,74,95,65.77,Online,Credit Card
1716,111,127,37.33,Online,Debit Card
1717,50,137,82.1,In-store,PayPal
1718,134,69,54.39,In-store,Cash
1719,138,172,143.58,In-store,Credit Card
1720,169,54,19.49,Online,PayPal
1721,188,111,79.73,In-store,PayPal
1722,23,83,32.98,In-store,PayPal
1723,165,16,92.03,In-store,Cash
1724,58,133,19.49,In-store,PayPal
1725,118,163,89.49,Online,Credit Card
1726,1,167,98.58,In-store,Credit Card
1727,3,141,78.91,In-store,Cash
1728,81,42,129.75,Online,Credit Card
1729,158,134,89.97,Online,Debit Card
1730,83,82,117.11,Online,PayPal
1731,23,89,98.23,In-store,Debit Card
1732,113,76,51.84,In-store,PayPal
1733,195,52,30.98,In-store,Credit Card
1734,69,66,60.61,In-store,Debit Card
1735,120,72,19.49,Online,Debit Card
1736,172,50,21.98,In-store,Credit Card
1737,127,48,32.98,Online,PayPal
1738,19,138,95.66,Online,Debit Card
1739,200,36,35.99,Online,Debit Card
1740,4,64,46.6,Online,Credit Card
1741,27,56,95.5,Online,Cash
1742,58,30,19.49,In-store,Debit Card
1743,55,125,115.87,Online,Credit Card
1744,82,8,100.0,In-store,Credit Card
1745,160,44,31.97,Online,Debit Card
1746,18,67,69.97,Online,Debit Card
1747,85,130,21.98,Online,Credit Card
1748,129,76,88.82,In-store,Debit Card
1749,144,61,19.49,In-store,Credit Card
1750,115,101,50.49,Online,Debit Card
1751,154,40,99.7,In-store,Debit Card
1752,144,141,50.49,In-store,PayPal
1753,171,52,46.97,In-store,PayPal
1754,37,66,54.48,In-store,Credit Card
1755,200,54,104.51,In-store,Credit Card
1756,38,29,61.78,Online,Cash
1757,178,81,37.97,In-store,Credit Card
1758,136,152,30.98,Online,Cash
1759,70,78,21.98,In-store,PayPal
1760,46,22,12.98,In-store,Credit Card
1761,147,112,55.9,In-store,Credit Card
1762,76,12,29.03,In-store,Debit Card
1763,196,125,19.49,In-store,PayPal
1764,131,150,69.21,In-store,Debit Card
1765,25,47,41.4,Online,Debit Card
1766,82,168,79.47,In-store,Credit Card
1767,157,20,70.69,In-store,Cash
1768,54,22,120.24,Online,Cash
1769,135,159,79.73,In-store,Cash
1770,43,161,21.98,Online,Debit Card
1771,125,145,87.88,In-store,Debit Card
1772,129,10,89.97,Online,Credit Card
1773,52,24,32.98,In-store,Cash
1774,146,63,60.52,In-store,PayPal
1775,192,48,21.98,In-store,Cash
1776,67,124,89.35,Online,Credit Card
1777,4,132,51.54,In-store,Cash
1778,94,57,75.88,Online,PayPal
1779,49,150,129.85,In-store,Debit Card
1780,153,61,77.99,Online,Debit Card
1781,40,127,32.98,In-store,Cash
1782,153,44,79.32,Online,Credit Card
1783,133,125,108.97,Online,PayPal
1784,33,94,107.6,In-store,Cash
1785,30,64,72.99,In-store,Debit Card
1786,74,163,28.97,In-store,Debit Card
1787,97,76,12.98,Online,Cash
1788,90,171,58.52,In-store,Credit Card
1789,141,141,96.32,Online,Debit Card
1790,187,23,101.99,Online,PayPal
1791,142,160,58.35,In-store,PayPal
1792,58,25,124.83,In-store,Credit Card
1793,175,78,32.98,Online,PayPal
1794,20,157,97.47,Online,Cash
1795,100,168,21.98,In-store,Cash
1796,28,154,47.91,Online,Debit Card
1797,25,67,139.29,In-store,Debit Card
1798,63,61,21.97,In-store,Cash
1799,182,37,61.9,Online,PayPal
1800,153,59,89.01,Online,PayPal
1801,26,59,83.77,Online,Debit Card
1802,155,6,107.6,In-store,Debit Card
1803,89,36,28.22,Online,Debit Card
1804,120,108,50.08,In-store,Cash
1805,195,41,59.22,In-store,Credit Card
1806,129,151,44.48,In-store,Cash
1807,178,89,114.66,Online,Credit Card
1808,18,175,32.98,In-store,Cash
1809,169,96,117.73,In-store,PayPal
1810,34,4,24.08,Online,Cash
1811,194,13,12.98,Online,Cash
1812,34,113,30.98,In-store,PayPal
1813,132,55,30.98,Online,PayPal
1814,22,120,30.98,Online,Credit Card
1815,189,103,32.98,Online,PayPal
1816,18,64,72.01,In-store,Credit Card
1817,82,84,52.96,In-store,PayPal
1818,157,135,22.5,Online,Debit Card
1819,144,31,79.96,In-store,Credit Card
1820,19,45,41.97,In-store,Debit Card
1821,122,90,107.25,In-store,Debit Card
1822,158,163,50.7,In-store,PayPal
1823,31,92,87.61,Online,PayPal
1824,89,85,19.49,Online,Debit Card
1825,29,134,126.9,Online,Debit Card
1826,161,146,38.22,Online,PayPal
1827,153,8,38.39,Online,PayPal
1828,24,95,30.98,In-store,Debit Card
1829,187,45,80.5,Online,PayPal
1830,36,2,58.21,In-store,Credit Card
1831,35,90,19.49,In-store,PayPal
1832,24,35,50.49,In-store,Cash
1833,145,83,32.98,Online,PayPal
1834,155,41,78.81,Online,Debit Card
1835,4,84,69.07,Online,Cash
1836,196,60,51.96,Online,PayPal
1837,8,85,63.91,Online,Credit Card
1838,77,124,68.47,Online,Debit Card
1839,118,177,30.98,Online,Cash
1840,22,107,44.47,Online,PayPal
1841,185,57,147.84,Online,PayPal
1842,174,98,94.01,Online,PayPal
1843,3,147,97.36,In-store,Credit Card
1844,42,25,57.48,In-store,Cash
1845,74,126,21.98,In-store,Cash
1846,192,143,62.0,In-store,Credit Card
1847,87,38,87.17,In-store,Credit Card
1848,55,105,30.47,Online,Debit Card
1849,138,154,19.49,In-store,Cash
1850,127,106,22.96,In-store,PayPal
1851,134,171,111.35,Online,PayPal
1852,169,19,49.88,In-store,PayPal
1853,93,158,21.98,In-store,PayPal
1854,18,107,22.97,Online,PayPal
1855,112,23,24.97,In-store,PayPal
1856,12,13,98.88,Online,Debit Card
1857,28,154,61.39,In-store,PayPal
1858,130,171,68.03,In-store,PayPal
1859,168,20,79.88,In-store,Credit Card
1860,138,18,12.98,In-store,Cash
1861,121,86,53.55,Online,Credit Card
1862,148,109,50.49,Online,Debit Card
1863,195,179,25.98,Online,Credit Card
1864,120,173,106.47,Online,PayPal
1865,83,25,32.98,Online,Cash
1866,186,16,40.89,Online,PayPal
1867,132,49,85.31,In-store,Cash
1868,69,134,84.23,Online,Debit Card
1869,196,6,32.98,Online,Credit Card
1870,195,97,91.23,In-store,Cash
1871,197,72,97.23,In-store,Credit Card
1872,54,162,30.98,Online,PayPal
1873,17,88,50.49,Online,Credit Card
1874,88,136,75.4,In-store,Debit Card
1875,78,21,21.98,In-store,Credit Card
1876,185,29,105.56,Online,Debit Card
1877,141,146,27.47,In-store,Cash
1878,174,75,12.98,Online,Cash
1879,90,136,58.22,Online,Debit Card
1880,33,58,50.49,In-store,Credit Card
1881,86,48,63.97,Online,PayPal
1882,5,169,81.59,In-store,Credit Card
1883,105,156,21.97,Online,Credit Card
1884,16,1,37.32,Online,Credit Card
1885,100,168,63.48,Online,Credit Card
1886,100,87,21.98,Online,PayPal
1887,57,83,87.07,Online,PayPal
1888,138,27,69.02,In-store,Cash
1889,139,23,112.25,In-store,PayPal
1890,200,44,25.48,Online,PayPal
1891,93,114,86.89,Online,Cash
1892,184,50,27.47,Online,Cash
1893,79,39,111.82,In-store,Cash
1894,196,108,50.29,Online,Credit Card
1895,68,84,110.6,Online,PayPal
1896,127,52,95.34,Online,Credit Card
1897,12,49,85.96,In-store,PayPal
1898,97,4,72.57,In-store,Cash
1899,121,81,86.04,In-store,Debit Card
1900,15,143,60.97,Online,Cash
1901,191,98,76.97,In-store,Cash
1902,41,5,41.4,In-store,Credit Card
1903,57,22,19.99,Online,Cash
1904,24,85,74.38,Online,Cash
1905,55,92,12.98,Online,Debit Card
1906,167,3,92.03,Online,PayPal
1907,184,76,59.8,In-store,PayPal
1908,197,108,18.99,In-store,Debit Card
1909,129,168,84.23,Online,PayPal
1910,109,169,50.49,In-store,PayPal
1911,117,109,12.98,Online,Credit Card
1912,87,118,21.98,In-store,Cash
1913,149,128,97.13,In-store,Credit Card
1914,10,38,69.07,In-store,Credit Card
1915,142,79,32.48,In-store,Credit Card
1916,173,144,67.89,Online,PayPal
1917,14,174,12.98,In-store,Cash
1918,103,33,79.8,In-store,PayPal
1919,54,132,50.49,In-store,PayPal
1920,33,137,58.98,In-store,Debit Card
1921,98,155,50.49,Online,Debit Card
1922,53,174,48.44,In-store,Cash
1923,169,110,66.23,Online,Credit Card
1924,127,166,63.06,Online,Debit Card
1925,140,177,71.31,In-store,Cash
1926,162,32,50.49,In-store,Debit Card
1927,110,96,78.82,In-store,Debit Card
1928,85,25,18.99,Online,Credit Card
1929,22,39,15.35,In-store,Cash
1930,55,37,59.72,In-store,Debit Card
1931,36,50,50.18,In-store,Debit Card
1932,3,67,62.0,In-store,Cash
1933,46,159,32.98,Online,Cash
1934,109,131,72.37,In-store,Cash
1935,93,122,96.08,Online,PayPal
1936,61,146,82.95,Online,Cash
1937,44,54,57.85,Online,Debit Card
1938,39,46,41.72,Online,PayPal
1939,91,72,30.98,In-store,Cash
1940,10,124,33.96,Online,Credit Card
1941,134,79,50.49,Online,Debit Card
1942,156,106,114.77,In-store,Cash
1943,108,173,30.98,In-store,Credit Card
1944,83,44,52.34,In-store,Debit Card
1945,152,159,81.94,In-store,PayPal
1946,177,7,93.15,Online,Debit Card
1947,93,160,89.56,In-store,Debit Card
1948,80,26,50.96,In-store,Cash
1949,194,127,99.53,In-store,Credit Card
1950,2,34,117.43,Online,Cash
1951,35,79,46.98,In-store,PayPal
1952,51,180,78.14,In-store,Cash
1953,47,81,70.28,Online,PayPal
1954,87,120,66.53,In-store,Credit Card
1955,92,133,86.6,In-store,Debit Card
1956,163,55,32.98,In-store,PayPal
1957,146,20,38.22,Online,Cash
1958,125,154,21.98,In-store,PayPal
1959,85,87,90.79,Online,PayPal
1960,132,44,32.98,In-store,PayPal
1961,78,42,79.37,In-store,Cash
1962,14,123,102.48,Online,Cash
1963,142,127,19.49,Online,Credit Card
1964,11,89,57.82,In-store,PayPal
1965,22,104,15.87,Online,Credit Card
1966,147,65,89.52,In-store,Debit Card
1967,155,26,54.73,Online,PayPal
1968,84,76,72.99,Online,Debit Card
1969,131,75,83.74,In-store,Debit Card
1970,93,145,59.48,In-store,Debit Card
1971,14,136,75.98,Online,Debit Card
1972,182,153,87.47,In-store,Debit Card
1973,67,148,30.98,Online,PayPal
1974,154,73,35.55,In-store,Debit Card
1975,183,52,100.73,In-store,Cash
1976,79,29,118.24,Online,PayPal
1977,24,118,21.98,Online,PayPal
1978,70,17,109.04,In-store,PayPal
1979,128,94,80.53,Online,PayPal
1980,96,132,32.98,Online,PayPal
1981,166,35,75.88,In-store,Credit Card
1982,144,108,66.36,Online,PayPal
1983,79,136,65.48,In-store,Credit Card
1984,30,149,86.93,In-store,PayPal
1985,70,8,37.91,Online,Credit Card
1986,125,114,74.58,Online,Cash
1987,182,54,37.72,In-store,Debit Card
1988,88,81,88.99,In-store,Cash
1989,145,153,81.5,In-store,Debit Card
1990,200,97,82.55,Online,PayPal
1991,180,148,97.84,Online,Cash
1992,120,88,12.98,In-store,Debit Card
1993,27,77,30.98,Online,Debit Card
1994,78,15,59.44,Online,Credit Card
1995,144,88,41.02,In-store,PayPal
1996,170,126,24.27,In-store,Debit Card
1997,94,65,31.97,Online,Credit Card
1998,85,125,56.08,In-store,Debit Card
1999,47,75,70.65,Online,Credit Card
2000,45,116,71.99,In-store,Cash
2001,52,85,36.33,Online,Cash
2002,148,87,71.32,In-store,PayPal
2003,111,107,3.99,In-store,Cash
2004,137,100,42.22,In-store,PayPal
2005,79,136,68.02,Online,PayPal
2006,122,113,60.48,In-store,Cash
2007,183,84,44.48,In-store,Debit Card
2008,184,113,19.49,In-store,PayPal
2009,32,178,37.61,Online,Cash
2010,58,14,30.98,In-store,Cash
2011,74,136,30.98,In-store,Cash
2012,195,180,32.98,Online,PayPal
2013,3,77,75.02,In-store,Debit Card
2014,174,15,19.49,Online,Credit Card
2015,9,174,81.29,Online,PayPal
2016,174,124,58.98,In-store,Credit Card
2017,121,98,40.95,In-store,Credit Card
2018,36,57,59.6,Online,Credit Card
2019,157,58,46.97,In-store,PayPal
2020,63,80,137.87,Online,PayPal
2021,86,104,19.49,In-store,Cash
2022,51,135,98.67,In-store,Credit Card
2023,148,38,61.02,Online,PayPal
2024,200,5,46.64,In-store,Debit Card
2025,4,86,34.96,In-store,PayPal
2026,160,19,50.49,Online,Debit Card
2027,191,179,50.49,In-store,PayPal
2028,146,109,125.47,In-store,Debit Card
2029,179,72,32.98,In-store,Cash
2030,35,94,51.97,In-store,Credit Card
2031,129,161,119.72,Online,Debit Card
2032,200,16,12.98,Online,Cash
2033,73,52,167.8,In-store,Cash
2034,88,100,59.9,Online,Credit Card
2035,147,23,42.27,Online,Debit Card
2036,152,136,12.98,In-store,Credit Card
2037,3,126,74.83,Online,Cash
2038,81,80,36.69,In-store,PayPal
2039,140,58,67.35,Online,Credit Card
2040,122,112,102.96,In-store,Cash
2041,2,168,75.88,In-store,Cash
2042,8,67,32.98,Online,Credit Card
2043,124,127,89.56,In-store,Cash
2044,170,124,47.71,In-store,Cash
2045,11,3,19.49,In-store,Debit Card
2046,138,118,64.93,In-store,Credit Card
2047,113,74,78.48,Online,Debit Card
2048,175,26,53.21,Online,Debit Card
2049,166,63,82.61,Online,Credit Card
2050,1,89,88.51,In-store,Cash
2051,39,93,12.98,Online,Credit Card
2052,95,61,74.89,In-store,PayPal
2053,177,80,94.12,Online,PayPal
2054,163,127,8.99,Online,Credit Card
2055,72,6,57.53,In-store,Cash
2056,134,54,72.99,Online,Debit Card
2057,117,161,77.53,In-store,PayPal
2058,107,79,12.98,Online,Debit Card
2059,61,121,32.48,In-store,PayPal
2060,76,67,35.47,Online,PayPal
2061,77,79,155.22,In-store,Cash
2062,8,118,100.89,In-store,PayPal
2063,50,123,104.5,In-store,Debit Card
2064,22,97,30.98,In-store,Debit Card
2065,51,16,43.68,Online,Debit Card
2066,129,172,30.98,Online,Debit Card
2067,76,44,50.49,Online,Credit Card
2068,155,13,30.98,Online,Debit Card
2069,36,95,67.67,In-store,Debit Card
2070,191,132,21.98,Online,Cash
2071,20,95,39.03,In-store,PayPal
2072,83,168,16.97,In-store,Debit Card
2073,40,132,86.11,Online,Cash
2074,189,118,15.74,In-store,Debit Card
2075,134,76,84.3,In-store,Credit Card
2076,163,127,12.98,In-store,Debit Card
2077,31,62,52.97,In-store,PayPal
2078,59,164,46.98,Online,Cash
2079,91,135,124.52,In-store,Credit Card
2080,161,36,159.4,Online,PayPal
2081,119,103,78.48,Online,PayPal
2082,7,74,94.41,Online,Credit Card
2083,126,14,32.99,Online,Debit Card
2084,168,156,12.98,In-store,Debit Card
2085,47,27,68.32,In-store,Credit Card
2086,199,111,32.98,In-store,PayPal
2087,68,37,49.97,Online,Cash
2088,40,135,69.61,Online,PayPal
2089,91,18,76.17,Online,Credit Card
2090,101,61,45.97,Online,Cash
2091,125,146,76.16,In-store,Credit Card
2092,121,141,90.83,In-store,PayPal
2093,144,50,105.54,Online,PayPal
2094,156,145,73.81,In-store,PayPal
2095,113,81,78.6,In-store,Debit Card
2096,71,6,50.49,In-store,PayPal
2097,27,174,105.95,Online,PayPal
2098,170,128,41.48,In-store,Cash
2099,83,48,49.48,In-store,Cash
2100,122,177,108.47,Online,Credit Card
2101,51,180,44.37,Online,Cash
2102,104,108,85.39,Online,PayPal
2103,185,6,21.97,In-store,PayPal
2104,52,6,46.46,Online,Credit Card
2105,136,21,126.48,Online,PayPal
2106,158,11,12.98,In-store,Credit Card
2107,39,83,59.08,In-store,Credit Card
2108,146,88,123.64,Online,Cash
2109,190,154,19.49,In-store,Credit Card
2110,146,159,12.98,In-store,Cash
2111,56,131,99.93,Online,Debit Card
2112,169,17,116.36,Online,Cash
2113,180,18,80.48,Online,Cash
2114,53,144,30.98,In-store,Credit Card
2115,89,26,9.99,Online,Credit Card
2116,73,76,125.3,Online,Credit Card
2117,20,35,19.49,Online,PayPal
2118,109,76,45.0,Online,Cash
2119,2,161,30.98,Online,Debit Card
2120,151,161,12.98,In-store,Cash
2121,100,137,36.71,In-store,Cash
2122,68,61,118.66,In-store,Credit Card
2123,34,109,30.98,In-store,Debit Card
2124,63,179,13.83,In-store,Credit Card
2125,133,75,91.22,In-store,Debit Card
2126,185,65,46.98,Online,Debit Card
2127,13,163,32.98,Online,Credit Card
2128,122,69,67.22,In-store,PayPal
2129,28,40,139.94,In-store,Cash
2130,13,141,69.46,Online,Debit Card
2131,180,109,33.38,In-store,PayPal
2132,147,128,30.98,Online,Cash
2133,1,33,35.48,Online,Credit Card
2134,24,29,59.47,Online,Credit Card
2135,102,53,59.45,In-store,Credit Card
2136,15,36,149.65,Online,Cash
2137,29,178,56.59,Online,PayPal
2138,115,107,56.99,Online,Cash
2139,76,180,21.98,Online,Cash
2140,187,161,46.98,In-store,Cash
2141,8,133,58.37,In-store,Credit Card
2142,39,99,38.22,Online,Debit Card
2143,74,147,19.49,In-store,Debit Card
2144,191,126,50.49,In-store,PayPal
2145,109,38,72.99,In-store,Cash
2146,23,145,81.29,In-store,Cash
2147,9,40,65.08,In-store,Debit Card
2148,96,128,76.98,In-store,Credit Card
2149,169,25,55.88,In-store,Debit Card
2150,144,12,25.48,In-store,Cash
2151,67,100,21.98,Online,PayPal
2152,47,151,101.74,In-store,PayPal
2153,92,172,48.11,Online,PayPal
2154,18,110,74.97,Online,Cash
2155,118,30,63.87,Online,Debit Card
2156,41,133,19.49,In-store,PayPal
2157,154,89,170.16,In-store,PayPal
2158,52,49,32.98,Online,Cash
2159,179,113,19.49,Online,PayPal
2160,37,101,12.98,In-store,PayPal
2161,2,114,39.68,Online,Debit Card
2162,191,45,19.49,In-store,Debit Card
2163,51,94,46.97,In-store,PayPal
2164,103,148,74.17,Online,Cash
2165,122,95,117.04,Online,PayPal
2166,86,116,69.15,In-store,PayPal
2167,185,116,52.01,Online,Debit Card
2168,104,11,132.82,In-store,PayPal
2169,156,124,100.02,In-store,Credit Card
2170,173,124,12.98,In-store,Credit Card
2171,36,107,51.36,Online,Cash
2172,37,20,61.99,In-store,PayPal
2173,141,56,69.21,In-store,PayPal
2174,127,6,170.44,In-store,Credit Card
2175,184,42,19.49,Online,PayPal
2176,159,50,32.98,In-store,PayPal
2177,44,93,39.2,Online,PayPal
2178,106,10,44.47,In-store,Debit Card
2179,175,34,87.89,Online,Credit Card
2180,44,31,138.31,In-store,Debit Card
2181,54,11,32.99,Online,Credit Card
2182,119,33,85.98,Online,Credit Card
2183,24,62,109.58,In-store,PayPal
2184,119,161,70.46,Online,Credit Card
2185,164,15,72.99,Online,Debit Card
2186,62,129,44.74,Online,Credit Card
2187,111,115,59.22,In-store,Credit Card
2188,196,9,44.38,In-store,Cash
2189,81,46,26.47,In-store,Credit Card
2190,58,64,59.8,Online,Debit Card
2191,19,103,84.11,In-store,Credit Card
2192,156,67,79.47,Online,Debit Card
2193,23,121,50.97,Online,Cash
2194,156,141,163.38,Online,Cash
2195,100,45,92.99,Online,PayPal
2196,93,11,62.04,Online,Credit Card
2197,172,116,19.49,Online,Cash
2198,138,30,50.49,Online,Credit Card
2199,75,159,21.98,In-store,Debit Card
2200,85,88,21.98,In-store,Credit Card
2201,148,48,29.48,Online,Credit Card
2202,112,49,57.88,Online,Cash
2203,69,132,72.22,Online,Debit Card
2204,143,160,60.63,In-store,Debit Card
2205,177,145,78.97,Online,Cash
2206,128,24,50.49,Online,PayPal
2207,163,35,50.08,In-store,PayPal
2208,136,49,72.31,In-store,PayPal
2209,79,125,128.26,Online,PayPal
2210,180,38,28.22,Online,PayPal
2211,152,47,46.97,In-store,Cash
2212,160,33,67.28,Online,PayPal
2213,102,78,58.63,In-store,PayPal
2214,54,71,32.98,Online,Credit Card
2215,139,13,98.48,In-store,Debit Card
2216,13,117,92.59,In-store,PayPal
2217,42,132,58.98,In-store,Credit Card
2218,57,87,30.98,In-store,PayPal
2219,165,84,103.3,Online,PayPal
2220,137,21,70.01,In-store,Cash
2221,35,161,79.73,In-store,Cash
2222,123,113,94.32,In-store,Credit Card
2223,77,84,34.97,Online,PayPal
2224,5,35,52.69,In-store,PayPal
2225,52,164,48.97,Online,PayPal
2226,125,150,50.49,Online,Debit Card
2227,171,71,25.97,In-store,Debit Card
2228,9,156,39.71,Online,PayPal
2229,170,111,37.72,In-store,PayPal
2230,98,139,32.98,In-store,Cash
2231,112,116,112.39,Online,PayPal
2232,114,161,44.27,Online,Debit Card
2233,125,167,19.49,In-store,Debit Card
2234,123,73,112.88,Online,Cash
2235,194,87,68.22,In-store,Credit Card
2236,12,120,71.99,In-store,Debit Card
2237,20,25,73.35,Online,Credit Card
2238,43,142,21.98,In-store,Credit Card
2239,192,72,37.77,Online,Cash
2240,137,22,89.64,In-store,PayPal
2241,174,60,57.88,Online,Debit Card
2242,96,161,80.48,Online,Credit Card
2243,191,152,82.26,In-store,Credit Card
2244,105,102,78.19,Online,Cash
2245,186,41,104.5,Online,Credit Card
2246,73,169,21.98,In-store,Debit Card
2247,75,161,42.22,Online,PayPal
2248,119,56,56.37,Online,PayPal
2249,178,117,88.23,Online,Credit Card
2250,127,101,30.98,In-store,Credit Card
2251,194,43,34.73,Online,Debit Card
2252,114,96,30.98,In-store,Credit Card
2253,154,69,92.99,Online,Credit Card
2254,43,63,21.97,In-store,Debit Card
2255,11,116,111.69,In-store,Cash
2256,58,68,73.73,In-store,PayPal
2257,107,160,12.98,Online,PayPal
2258,196,136,64.42,In-store,Debit Card
2259,58,139,92.99,Online,PayPal
2260,1,25,42.22,Online,PayPal
2261,70,28,104.84,Online,PayPal
2262,54,149,28.74,Online,PayPal
2263,116,22,21.97,Online,Credit Card
2264,104,143,38.22,Online,Cash
2265,116,123,50.49,Online,PayPal
2266,40,156,52.97,Online,Debit Card
2267,148,110,30.98,In-store,PayPal
2268,35,10,32.85,In-store,Cash
2269,145,51,78.47,In-store,Credit Card
2270,74,118,34.35,In-store,Cash
2271,109,144,41.96,Online,Debit Card
2272,4,34,74.87,Online,Credit Card
2273,79,139,85.57,In-store,Cash
2274,55,58,12.98,Online,Credit Card
2275,111,101,50.49,In-store,Credit Card
2276,23,44,50.49,Online,PayPal
2277,69,168,44.88,In-store,Credit Card
2278,184,169,42.22,Online,Credit Card
2279,91,102,97.2,In-store,Debit Card
2280,191,57,35.48,Online,Cash
2281,20,148,33.88,In-store,Debit Card
2282,128,80,30.98,Online,Debit Card
2283,187,142,32.98,Online,Cash
2284,119,124,21.98,In-store,Credit Card
2285,173,146,19.49,In-store,Cash
2286,34,33,145.36,Online,Debit Card
2287,70,116,90.48,Online,Credit Card
2288,88,80,75.06,Online,Debit Card
2289,85,11,76.63,Online,Credit Card
2290,3,138,93.6,Online,PayPal
2291,8,23,21.98,In-store,PayPal
2292,120,130,62.33,In-store,Credit Card
2293,113,141,50.49,Online,PayPal
2294,139,9,98.8,Online,PayPal
2295,68,40,21.98,Online,Debit Card
2296,92,148,21.98,Online,Debit Card
2297,169,127,102.16,In-store,Credit Card
2298,104,11,32.98,In-store,PayPal
2299,56,133,65.97,Online,Debit Card
2300,18,165,21.98,Online,PayPal
2301,172,117,30.98,Online,Debit Card
2302,66,136,66.36,Online,Credit Card
2303,46,46,60.37,In-store,Cash
2304,43,159,81.5,Online,Credit Card
2305,86,131,117.98,Online,Cash
2306,118,166,65.83,In-store,PayPal
2307,161,139,38.18,In-store,Cash
2308,172,153,84.18,Online,PayPal
2309,181,68,38.77,Online,Debit Card
2310,190,92,21.98,Online,Credit Card
2311,159,149,46.98,Online,PayPal
2312,187,66,105.09,In-store,PayPal
2313,148,176,72.37,In-store,Cash
2314,158,141,41.55,Online,Cash
2315,58,22,91.47,Online,Debit Card
2316,11,87,54.0,In-store,Debit Card
2317,161,123,84.33,In-store,Cash
2318,24,130,47.97,Online,Credit Card
2319,95,42,45.97,Online,PayPal
2320,85,139,45.97,In-store,Credit Card
2321,38,176,23.38,Online,PayPal
2322,59,96,21.98,In-store,Debit Card
2323,130,154,50.49,In-store,Credit Card
2324,73,8,28.72,In-store,Debit Card
2325,64,114,32.98,In-store,Credit Card
2326,41,5,102.02,Online,Debit Card
2327,142,22,90.59,Online,PayPal
2328,123,79,99.47,Online,Debit Card
2329,38,70,85.74,In-store,Credit Card
2330,194,25,35.48,Online,Cash
2331,147,128,70.27,Online,Cash
2332,33,54,50.49,In-store,Credit Card
2333,181,51,72.46,In-store,Debit Card
2334,155,4,22.86,Online,PayPal
2335,80,103,54.48,Online,PayPal
2336,39,31,70.33,Online,Credit Card
2337,2,163,44.47,Online,Debit Card
2338,169,105,8.73,In-store,Credit Card
2339,20,144,90.16,Online,Cash
2340,22,127,32.98,Online,PayPal
2341,52,153,51.32,Online,Credit Card
2342,68,30,128.37,In-store,Credit Card
2343,89,178,37.2,In-store,PayPal
2344,97,162,46.39,Online,Credit Card
2345,121,172,84.37,Online,Cash
2346,183,77,99.75,In-store,Debit Card
2347,112,7,50.49,In-store,PayPal
2348,188,137,12.98,Online,Credit Card
2349,112,27,12.98,In-store,Debit Card
2350,155,103,87.87,In-store,Credit Card
2351,72,66,21.98,In-store,PayPal
2352,12,49,60.96,Online,Cash
2353,68,57,98.01,Online,Credit Card
2354,107,34,55.86,In-store,PayPal
2355,16,165,96.35,In-store,Cash
2356,136,85,25.48,In-store,PayPal
2357,31,130,61.46,Online,PayPal
2358,81,146,12.98,Online,Cash
2359,84,162,38.22,In-store,Cash
2360,159,98,79.92,In-store,PayPal
2361,16,127,91.38,In-store,PayPal
2362,30,83,112.02,In-store,Credit Card
2363,4,66,36.48,In-store,Debit Card
2364,24,44,32.99,In-store,Cash
2365,92,97,12.99,Online,Debit Card
2366,163,133,50.49,In-store,Credit Card
2367,16,41,41.4,In-store,Debit Card
2368,186,125,19.49,Online,Credit Card
2369,22,81,24.97,In-store,Debit Card
2370,149,83,187.86,In-store,Credit Card
2371,42,31,37.1,In-store,Credit Card
2372,137,69,49.49,Online,Cash
2373,39,43,51.37,Online,Debit Card
2374,198,128,81.92,Online,Debit Card
2375,103,22,52.97,Online,Debit Card
2376,146,84,30.98,Online,Credit Card
2377,44,91,70.36,In-store,Debit Card
2378,56,128,69.27,Online,Debit Card
2379,116,2,21.98,Online,Cash
2380,176,36,30.98,In-store,Cash
2381,88,85,58.89,In-store,Debit Card
2382,119,111,122.5,Online,Debit Card
2383,8,167,21.98,Online,Cash
2384,32,26,73.3,Online,Debit Card
2385,123,105,55.23,Online,Debit Card
2386,90,3,32.98,In-store,PayPal
2387,132,124,84.7,In-store,Credit Card
2388,119,127,86.01,In-store,PayPal
2389,19,43,43.71,Online,Cash
2390,94,46,32.98,In-store,Credit Card
2391,196,166,174.96,In-store,Cash
2392,71,32,93.96,Online,PayPal
2393,14,171,80.74,In-store,Credit Card
2394,78,96,32.98,In-store,Credit Card
2395,115,179,76.47,Online,Credit Card
2396,156,139,21.98,In-store,PayPal
2397,35,42,80.48,In-store,Debit Card
2398,132,29,46.48,In-store,PayPal
2399,52,37,32.98,Online,Cash
2400,59,134,34.35,In-store,Credit Card
2401,46,70,55.56,Online,PayPal
2402,151,23,62.0,Online,Debit Card
2403,180,132,21.98,In-store,PayPal
2404,134,92,41.4,In-store,PayPal
2405,185,108,85.18,Online,Debit Card
2406,110,40,29.28,In-store,Credit Card
2407,154,153,32.98,In-store,Debit Card
2408,46,48,177.56,Online,Credit Card
2409,38,177,50.43,In-store,Debit Card
2410,174,60,50.97,Online,Credit Card
2411,1,125,65.95,In-store,Credit Card
2412,172,137,50.49,Online,Cash
2413,22,47,66.21,Online,Debit Card
2414,191,24,128.42,In-store,Credit Card
2415,160,87,47.98,In-store,PayPal
2416,9,18,34.01,In-store,PayPal
2417,163,137,67.19,Online,Cash
2418,46,35,71.71,In-store,Debit Card
2419,28,1,88.88,In-store,Cash
2420,147,78,19.49,Online,PayPal
2421,191,62,106.57,Online,Cash
2422,81,22,25.48,In-store,Debit Card
2423,11,116,87.07,In-store,Debit Card
2424,165,2,87.34,In-store,PayPal
2425,200,14,84.18,Online,Credit Card
2426,45,135,89.99,In-store,PayPal
2427,109,109,33.97,In-store,Debit Card
2428,106,30,46.98,In-store,PayPal
2429,137,19,59.47,Online,Cash
2430,47,38,30.98,In-store,Cash
2431,70,65,70.31,Online,Cash
2432,141,143,81.7,Online,PayPal
2433,105,49,92.99,Online,Credit Card
2434,86,66,16.97,Online,PayPal
2435,12,92,50.18,In-store,Cash
2436,49,130,32.48,In-store,Cash
2437,177,8,48.73,In-store,Cash
2438,88,50,50.49,In-store,Debit Card
2439,5,26,54.55,In-store,Cash
2440,122,92,103.21,In-store,Credit Card
2441,81,97,75.48,In-store,Debit Card
2442,83,20,55.48,Online,Cash
2443,45,38,78.4,In-store,PayPal
2444,188,162,48.85,Online,Credit Card
2445,140,42,26.47,Online,Cash
2446,53,93,38.97,Online,Credit Card
2447,178,154,62.48,In-store,PayPal
2448,156,41,62.0,In-store,Cash
2449,37,99,71.38,Online,PayPal
2450,155,180,46.98,In-store,Credit Card
2451,136,155,112.02,In-store,Debit Card
2452,10,138,76.38,In-store,PayPal
2453,80,65,74.47,Online,Cash
2454,145,157,89.52,Online,PayPal
2455,62,131,43.37,Online,Debit Card
2456,189,52,42.27,In-store,Cash
2457,139,140,32.98,Online,Credit Card
2458,196,10,97.1,Online,PayPal
2459,153,100,68.97,In-store,Debit Card
2460,117,119,83.42,In-store,Debit Card
2461,54,24,59.96,Online,Debit Card
2462,31,66,31.97,In-store,Debit Card
2463,131,33,84.34,In-store,Debit Card
2464,119,61,24.38,Online,PayPal
2465,103,23,119.96,Online,PayPal
2466,97,161,30.98,Online,Debit Card
2467,50,115,93.83,In-store,Credit Card
2468,176,110,41.96,In-store,Credit Card
2469,4,37,79.02,Online,Credit Card
2470,104,53,72.46,Online,Cash
2471,112,7,80.85,Online,Cash
2472,8,109,21.42,In-store,Cash
2473,45,71,79.47,In-store,Debit Card
2474,53,13,32.98,Online,Credit Card
2475,71,11,21.98,In-store,Debit Card
2476,85,1,31.76,Online,Cash
2477,53,114,50.49,Online,PayPal
2478,196,35,58.98,In-store,Credit Card
2479,142,50,32.98,In-store,Credit Card
2480,60,83,34.97,In-store,PayPal
2481,47,81,19.49,Online,Credit Card
2482,25,8,111.88,In-store,Cash
2483,52,5,30.97,In-store,Debit Card
2484,192,165,38.97,Online,Credit Card
2485,179,88,52.97,Online,Debit Card
2486,65,72,85.56,In-store,Cash
2487,191,37,57.82,In-store,Cash
2488,70,55,57.06,Online,Debit Card
2489,26,171,87.69,In-store,Cash
2490,93,56,19.49,Online,Debit Card
2491,158,118,21.98,Online,Credit Card
2492,54,77,46.98,Online,Debit Card
2493,5,39,102.77,Online,PayPal
2494,181,67,30.98,In-store,Debit Card
2495,13,33,22.27,In-store,Debit Card
2496,42,115,115.38,Online,Credit Card
2497,177,68,84.18,Online,Debit Card
2498,26,9,62.07,Online,PayPal
2499,3,83,76.12,Online,Credit Card
2500,112,91,32.98,Online,Debit Card
